date,id_client,product,quantity,price
2023-07-18,7819,Smartphone,1,1549.38
2023-06-21,6762,Smartphone,6,1898.79
2024-01-14,6793,Keyboard,2,1915.98
2024-02-28,4908,Keyboard,7,294.57
2023-08-31,1467,Printer,1,687.41
2022-07-10,3267,Keyboard,8,1623.1
2023-07-01,4947,Camera,6,899.97
2023-12-21,9798,Monitor,10,1470.99
2023-07-02,1657,Printer,1,1898.41
2024-04-10,8982,Smartwatch,9,1165.04
2024-07-23,3866,Keyboard,1,1681.0
2022-05-16,3629,Printer,5,902.6
2024-09-25,3505,Headphones,10,1612.59
2022-06-25,1621,Laptop,4,466.13
2024-05-31,5679,Headphones,2,1806.98
2022-11-17,6205,Monitor,7,60.84
2023-07-10,1513,Headphones,4,898.35
2022-08-26,8426,Tablet,10,124.76
2024-04-02,9204,Camera,5,173.67
2023-06-19,4520,Keyboard,10,1674.52
2023-09-10,6112,Monitor,1,1595.26
2022-08-12,3603,Keyboard,4,196.52
2023-12-07,8802,Camera,5,371.78
2023-01-10,2123,Mouse,9,1887.63
2022-11-04,6593,Keyboard,5,1154.42
2024-12-29,7151,Tablet,3,235.46
2023-10-04,9659,Printer,4,818.79
2024-12-15,9878,Keyboard,2,618.38
2023-07-18,4115,Printer,7,358.75
2023-04-21,5935,Tablet,5,693.46
2022-07-01,1210,Mouse,10,988.86
2023-06-09,4873,Monitor,1,1673.5
2024-01-24,9916,Printer,6,416.62
2022-05-22,4969,Monitor,1,1091.7
2024-06-13,8116,Mouse,3,462.89
2024-03-28,2582,Printer,5,166.14
2022-08-17,9772,Monitor,9,120.94
2025-01-29,6353,Smartwatch,4,884.75
2023-10-09,5613,Mouse,1,1284.0
2024-05-17,3448,Headphones,9,1684.34
2022-06-18,8950,Mouse,8,1885.57
2022-10-21,7288,Headphones,9,1701.86
2022-08-03,9881,Smartwatch,5,1525.51
2024-01-12,3174,Tablet,6,1224.2
2023-10-20,9605,Tablet,9,1567.08
2024-09-29,3293,Tablet,2,921.29
2023-11-16,9469,Printer,2,342.11
2024-05-17,6359,Smartphone,5,41.12
2022-11-20,3420,Mouse,1,599.96
2025-02-09,5914,Keyboard,9,1217.24
2025-03-07,5791,Tablet,3,124.39
2022-10-11,7423,Keyboard,7,168.29
2023-09-20,4981,Tablet,7,1068.98
2024-02-12,8038,Laptop,6,1173.75
2024-08-11,4962,Keyboard,8,1771.98
2022-12-28,1327,Mouse,8,1430.28
2022-01-18,4293,Tablet,1,151.91
2024-06-14,1495,Smartphone,8,886.11
2022-05-21,6901,Tablet,8,1398.92
2023-09-01,4849,Printer,2,1953.46
2024-10-19,7880,Mouse,10,996.09
2023-12-26,9164,Tablet,2,1971.1
2022-04-14,3726,Smartphone,4,1220.0
2022-05-10,4330,Headphones,4,1118.27
2024-09-25,2036,Monitor,1,1863.99
2023-02-26,7433,Mouse,6,1786.91
2022-05-10,2644,Tablet,8,759.87
2024-07-27,9245,Headphones,4,464.84
2025-03-07,7066,Smartwatch,7,1005.94
2023-09-15,5412,Tablet,9,339.35
2023-09-22,6984,Mouse,8,1161.88
2022-09-08,7002,Smartphone,4,1159.88
2024-09-21,3462,Mouse,4,715.12
2024-08-16,3409,Printer,3,1360.11
2023-01-14,3284,Headphones,7,1289.28
2022-04-15,9580,Tablet,2,462.47
2024-08-07,8730,Printer,1,47.66
2022-05-15,6443,Smartphone,9,1608.11
2023-05-22,4706,Mouse,8,687.45
2022-02-10,4928,Tablet,4,1708.55
2025-03-08,1070,Smartwatch,3,1147.86
2024-06-30,3421,Headphones,1,501.62
2024-06-25,3137,Monitor,2,1033.35
2022-03-13,9943,Mouse,7,1606.93
2024-03-16,5481,Keyboard,10,1916.52
2023-04-07,2632,Printer,1,538.5
2024-12-22,9369,Printer,5,1507.7
2023-11-26,8284,Smartphone,10,548.79
2023-03-21,3105,Camera,4,684.49
2024-12-14,4779,Keyboard,7,1735.97
2023-07-19,3084,Headphones,2,1185.04
2023-09-29,5493,Laptop,4,1512.38
2022-02-24,2990,Camera,3,1191.32
2024-03-09,1856,Mouse,10,1741.19
2024-10-16,9386,Headphones,2,367.76
2023-05-31,5158,Camera,10,1010.3
2024-05-29,6499,Camera,10,1627.32
2022-12-29,8768,Headphones,7,1971.5
2023-01-16,7499,Printer,10,1198.19
2024-03-26,6704,Headphones,8,634.41
2024-12-01,1752,Smartphone,7,1072.85
2025-03-17,8562,Mouse,10,399.91
2025-03-25,7246,Keyboard,8,1002.99
2023-11-18,5570,Monitor,7,205.79
2022-06-27,5223,Printer,6,1639.49
2022-07-04,7010,Headphones,8,1440.34
2022-12-08,9289,Laptop,10,780.59
2023-06-21,2540,Headphones,10,993.82
2023-07-18,8135,Monitor,5,1653.1
2024-04-19,1663,Smartwatch,1,927.34
2023-07-08,2466,Smartphone,3,1291.63
2022-10-03,1316,Monitor,2,50.21
2024-08-24,5582,Keyboard,4,794.14
2022-08-20,7278,Camera,3,11.95
2024-09-11,3758,Headphones,7,1152.2
2023-11-05,5877,Smartwatch,5,950.3
2022-06-28,9174,Headphones,10,918.66
2024-12-07,2650,Smartwatch,4,985.98
2022-11-25,8388,Tablet,2,1047.57
2022-11-10,3107,Monitor,10,891.28
2024-07-26,1024,Camera,8,1000.62
2023-11-06,3617,Monitor,9,13.92
2022-09-20,7082,Printer,8,1666.31
2023-07-22,3691,Printer,7,349.79
2023-01-15,1783,Laptop,8,393.81
2023-08-20,9943,Camera,2,114.33
2022-07-11,9789,Smartphone,6,1571.69
2023-10-08,7536,Monitor,9,1385.85
2023-06-23,7849,Monitor,2,804.17
2023-06-05,5957,Camera,1,1816.78
2022-12-06,9429,Smartphone,9,1117.14
2022-01-16,9323,Keyboard,3,68.33
2025-03-20,2936,Mouse,6,595.06
2022-03-13,9566,Mouse,4,1462.52
2023-10-03,3394,Keyboard,4,1268.24
2025-01-02,3756,Laptop,7,411.54
2024-11-17,9415,Camera,8,1275.49
2024-11-13,9703,Printer,3,1335.58
2022-07-26,8600,Tablet,6,1986.15
2023-02-02,7745,Headphones,10,1317.21
2022-05-23,2081,Smartwatch,3,332.07
2022-10-18,6551,Mouse,3,1414.38
2022-03-11,4061,Keyboard,4,414.95
2025-02-01,1565,Smartphone,2,371.41
2023-03-08,6788,Monitor,2,1594.09
2024-09-02,1053,Mouse,6,1874.04
2024-12-15,2201,Camera,8,962.2
2024-08-19,3946,Keyboard,5,115.81
2025-02-17,2773,Smartwatch,5,453.06
2024-08-12,6362,Printer,3,787.54
2023-12-02,2896,Monitor,9,1839.81
2025-03-14,7572,Smartwatch,10,757.22
2023-08-28,6822,Keyboard,10,968.04
2024-04-16,7394,Mouse,4,1381.2
2024-12-30,9652,Printer,6,295.15
2022-10-04,7820,Monitor,6,453.86
2024-10-03,3193,Monitor,7,1688.02
2023-12-30,5345,Keyboard,3,763.49
2024-06-06,1118,Laptop,7,902.49
2022-07-11,2289,Smartwatch,10,647.01
2022-05-06,9421,Mouse,5,579.75
2023-12-30,4747,Monitor,2,1048.77
2023-09-06,8130,Smartwatch,1,1881.88
2023-01-02,7626,Headphones,1,81.27
2023-01-29,9392,Printer,1,1386.93
2025-01-29,8963,Tablet,8,454.47
2022-01-09,1690,Mouse,9,622.64
2023-06-06,7957,Monitor,9,1269.99
2022-03-23,3378,Camera,10,428.08
2024-08-12,3363,Monitor,9,1730.27
2025-03-29,9692,Mouse,9,42.61
2025-02-20,2257,Laptop,7,73.54
2024-04-17,2857,Camera,3,647.0
2025-02-02,5343,Headphones,5,1246.06
2025-03-02,6480,Laptop,4,690.95
2022-09-05,8516,Smartwatch,10,847.35
2022-10-19,7951,Laptop,9,1314.77
2023-11-23,4925,Tablet,7,918.75
2022-12-21,9044,Camera,10,1321.75
2023-01-20,5040,Smartwatch,6,1563.1
2022-08-16,1501,Printer,6,329.59
2023-07-21,2446,Camera,2,1083.44
2022-05-18,2433,Headphones,10,99.04
2023-11-23,3630,Headphones,3,128.33
2023-07-16,8508,Tablet,1,1414.44
2024-03-04,9187,Smartwatch,7,1633.99
2022-02-26,2432,Tablet,8,657.9
2024-08-16,1703,Mouse,7,647.01
2024-09-19,8305,Camera,9,1324.89
2023-09-25,6018,Laptop,5,822.54
2024-07-16,6768,Printer,5,1365.28
2025-01-31,1127,Monitor,9,1788.72
2023-01-08,6073,Printer,3,612.17
2022-03-30,4052,Tablet,2,1859.12
2023-02-19,1402,Keyboard,10,1215.0
2023-10-21,9639,Mouse,5,1163.58
2022-01-17,1965,Monitor,9,149.71
2023-07-14,2841,Smartphone,6,1188.6
2024-04-27,7153,Laptop,10,1662.21
2023-04-04,4736,Mouse,9,1476.75
2024-10-03,2349,Tablet,8,1827.52
2022-05-17,7258,Monitor,8,940.58
2022-05-06,6911,Headphones,5,1790.31
2023-11-27,2004,Tablet,7,687.61
2022-06-29,2579,Monitor,2,1971.91
2025-02-14,4075,Mouse,4,173.35
2022-06-16,9079,Smartwatch,8,1048.15
2023-09-28,4767,Laptop,7,1334.59
2022-06-21,5832,Printer,9,851.6
2022-03-17,3525,Headphones,1,1956.59
2022-03-22,2594,Printer,4,1864.66
2023-03-05,5392,Smartphone,8,854.61
2023-11-09,5343,Headphones,3,644.43
2024-09-14,2227,Keyboard,6,437.27
2022-06-22,9213,Mouse,4,1116.35
2022-03-05,8216,Tablet,10,85.22
2025-03-03,3575,Keyboard,1,976.92
2023-10-30,6466,Smartwatch,5,1142.19
2022-07-26,8974,Printer,7,88.93
2024-10-29,9821,Camera,7,1948.08
2024-08-03,8341,Smartwatch,3,1952.69
2023-12-22,1348,Mouse,2,1856.8
2024-10-23,2462,Smartphone,5,1186.31
2023-10-13,2727,Smartwatch,9,221.97
2023-06-28,9208,Smartwatch,3,1611.06
2024-04-22,3369,Smartwatch,10,1475.84
2022-09-27,5106,Mouse,7,994.08
2022-12-02,1807,Printer,6,1253.85
2024-03-05,4030,Laptop,4,1281.72
2024-05-24,2045,Monitor,2,1720.74
2023-10-26,6656,Keyboard,6,695.15
2024-06-20,5066,Keyboard,2,216.55
2022-12-08,4304,Smartwatch,2,1267.24
2025-02-21,2454,Mouse,4,1830.84
2023-12-25,1310,Laptop,3,1081.97
2022-03-22,4504,Headphones,6,148.44
2022-02-19,7228,Monitor,7,641.67
2023-08-01,7372,Printer,5,1855.35
2024-04-10,6330,Camera,2,765.76
2023-10-01,9237,Keyboard,7,298.46
2022-07-19,6439,Laptop,1,711.57
2022-04-23,8103,Tablet,6,496.05
2022-04-22,3695,Printer,6,898.81
2022-08-25,5587,Headphones,2,1849.72
2025-02-07,7075,Camera,8,1953.77
2024-04-02,4505,Mouse,9,1696.2
2024-05-11,3774,Printer,5,1284.36
2023-03-05,3348,Laptop,1,1153.94
2024-12-05,1622,Monitor,1,1786.63
2023-01-05,6609,Tablet,10,946.32
2022-01-08,1732,Monitor,7,1036.16
2023-06-12,2864,Headphones,3,1435.12
2025-01-06,4761,Camera,3,1492.72
2022-03-28,4593,Camera,3,506.65
2024-05-19,1221,Tablet,6,1483.86
2024-02-27,7042,Headphones,4,1180.95
2024-01-24,6431,Printer,5,1500.4
2022-03-02,3498,Tablet,9,824.97
2024-08-07,5267,Monitor,10,1811.84
2023-02-16,1310,Camera,9,781.98
2024-05-30,2432,Mouse,1,1078.91
2024-03-21,1758,Tablet,8,733.41
2023-02-19,7014,Smartwatch,10,1428.07
2024-03-03,4403,Monitor,1,897.83
2023-03-27,7976,Smartphone,1,1116.64
2024-06-10,5114,Smartphone,1,1347.38
2022-09-21,7886,Mouse,6,951.89
2025-02-21,2405,Monitor,6,518.44
2022-11-04,5374,Monitor,4,614.18
2023-12-20,2501,Laptop,5,1503.89
2024-07-19,7462,Laptop,1,1909.67
2024-03-26,3763,Monitor,5,1236.07
2024-09-21,9544,Monitor,10,1750.03
2025-03-12,9105,Printer,7,1678.08
2024-06-24,8447,Smartwatch,7,1204.89
2022-08-12,3687,Headphones,9,1284.61
2023-09-24,3009,Keyboard,3,1116.77
2022-09-18,5550,Camera,2,686.61
2023-05-10,6552,Laptop,5,1496.64
2022-06-01,4330,Tablet,10,79.35
2022-06-18,5854,Smartwatch,2,1245.65
2023-06-21,2416,Headphones,5,1980.61
2023-11-28,8223,Keyboard,10,1544.26
2022-08-29,2613,Tablet,10,759.51
2025-02-11,1771,Mouse,4,1792.14
2023-11-24,3808,Printer,1,1587.46
2023-04-09,6965,Tablet,2,1167.68
2024-10-25,1221,Laptop,8,1256.36
2023-09-09,9116,Smartwatch,3,346.65
2025-03-02,1383,Printer,6,216.25
2022-03-01,2887,Headphones,7,1687.62
2022-01-31,4784,Monitor,3,1063.64
2024-12-19,9608,Mouse,1,1694.98
2022-01-22,4328,Smartphone,10,769.48
2023-07-04,6924,Tablet,6,1903.47
2024-01-07,4002,Tablet,6,1894.39
2025-02-20,1686,Headphones,4,829.72
2022-03-09,7787,Keyboard,10,11.02
2023-05-10,3955,Laptop,7,1983.24
2024-09-14,6406,Mouse,7,1795.58
2024-01-03,7287,Laptop,7,886.29
2023-02-07,2405,Printer,10,1378.15
2023-01-23,5200,Camera,5,1643.5
2022-10-20,6240,Smartwatch,8,1425.96
2024-09-03,5143,Printer,8,866.57
2023-05-15,5232,Laptop,6,591.14
2023-04-09,2784,Printer,4,699.6
2023-05-23,2600,Camera,8,1994.83
2024-04-15,8766,Tablet,6,509.24
2023-12-15,5362,Smartphone,8,798.03
2023-07-24,5023,Monitor,2,1413.46
2022-12-16,8948,Laptop,3,717.59
2022-10-18,6002,Keyboard,5,399.45
2024-04-17,1383,Mouse,2,958.79
2024-12-05,8190,Camera,5,1382.23
2024-08-04,2680,Smartphone,4,1031.09
2023-01-20,6088,Camera,1,930.76
2022-08-29,5809,Headphones,3,1443.81
2023-01-29,7299,Mouse,9,1749.89
2022-03-28,4251,Keyboard,7,1106.18
2023-12-02,7145,Laptop,4,1854.85
2023-01-08,4168,Smartphone,7,864.69
2022-03-16,7810,Camera,4,1748.06
2022-12-14,5923,Smartwatch,10,1518.17
2023-04-07,3991,Keyboard,8,209.38
2022-11-23,6305,Smartwatch,4,1815.83
2023-01-09,5919,Keyboard,2,732.39
2023-12-01,6696,Printer,4,989.11
2022-01-11,5328,Tablet,6,458.57
2022-12-13,3379,Headphones,3,745.39
2024-09-10,1355,Mouse,9,573.96
2022-12-22,3876,Headphones,1,743.7
2023-02-12,1464,Tablet,2,925.22
2022-04-13,6542,Camera,1,376.94
2023-08-08,9822,Smartphone,3,991.89
2024-12-28,4202,Laptop,1,1641.82
2023-07-02,7829,Mouse,8,1388.91
2024-04-20,1064,Keyboard,9,479.59
2024-09-15,4979,Smartphone,5,989.83
2023-08-02,4494,Camera,2,1155.72
2022-03-25,8286,Camera,10,77.78
2023-09-02,6157,Mouse,5,188.77
2024-06-07,5314,Monitor,9,397.94
2024-03-04,2781,Camera,5,18.15
2023-05-24,3009,Laptop,6,24.32
2023-06-01,6467,Laptop,6,114.95
2024-01-06,5299,Camera,7,385.53
2023-03-01,6147,Printer,4,336.37
2022-12-18,3229,Smartwatch,2,1495.67
2023-12-23,1552,Printer,1,799.32
2023-08-12,2477,Camera,3,995.93
2024-01-20,9496,Monitor,2,512.94
2024-04-28,7391,Headphones,10,968.75
2023-12-28,4372,Camera,1,1895.35
2024-02-18,7660,Smartphone,4,1664.73
2024-09-06,1848,Mouse,4,753.84
2022-10-28,5321,Smartwatch,4,1773.79
2024-02-25,7672,Mouse,5,1356.55
2022-05-26,1100,Printer,2,131.69
2022-01-25,6215,Camera,4,760.78
2023-11-13,5601,Monitor,5,1528.06
2024-05-28,1178,Mouse,9,1192.01
2024-01-24,7292,Mouse,10,1217.75
2024-07-20,6088,Tablet,9,407.81
2024-04-17,7713,Monitor,10,1773.83
2023-04-25,1190,Tablet,2,1231.08
2024-06-02,4946,Smartwatch,3,1807.67
2022-12-09,8083,Printer,7,417.51
2022-12-14,7895,Mouse,8,1657.35
2023-05-09,1674,Smartphone,7,52.22
2023-10-10,7544,Tablet,3,1096.44
2023-09-16,5723,Keyboard,1,1267.66
2022-12-22,8630,Tablet,5,30.59
2024-03-30,1380,Smartwatch,5,514.79
2024-06-13,1655,Monitor,1,146.53
2025-02-03,7391,Camera,6,973.05
2024-10-21,5234,Smartphone,1,31.78
2022-05-12,8734,Tablet,5,61.96
2024-12-20,9665,Monitor,4,1172.47
2024-02-16,9440,Smartwatch,5,1034.52
2025-02-12,1433,Mouse,1,1071.96
2024-12-02,6813,Mouse,4,1273.07
2023-06-27,8045,Keyboard,7,1296.68
2022-02-09,1838,Keyboard,9,254.23
2024-06-26,3375,Tablet,7,1954.4
2025-02-26,7157,Laptop,3,283.09
2022-04-02,9864,Camera,8,1927.78
2022-09-26,7132,Printer,8,1906.0
2024-07-18,9394,Laptop,10,1884.5
2024-03-08,7092,Camera,10,1060.2
2022-10-02,5591,Smartphone,1,195.08
2023-06-21,9748,Printer,1,416.61
2022-11-26,6349,Smartwatch,10,362.39
2022-10-05,6455,Smartphone,9,210.79
2025-03-05,1147,Camera,9,1221.67
2023-09-20,6569,Mouse,3,527.74
2022-05-21,9399,Camera,8,1077.01
2024-09-18,4898,Camera,6,245.37
2022-07-29,1585,Monitor,5,1902.09
2023-05-03,1668,Keyboard,3,20.02
2022-08-17,1875,Keyboard,1,623.29
2022-05-15,5998,Laptop,8,607.54
2022-03-11,5918,Tablet,1,1745.55
2022-01-18,2671,Headphones,6,1247.91
2023-09-04,9472,Laptop,1,1188.72
2024-08-02,4960,Headphones,8,1703.16
2024-03-27,6507,Keyboard,7,542.18
2023-02-28,7614,Tablet,5,590.25
2024-01-18,1373,Headphones,7,991.12
2024-11-10,2767,Mouse,6,1706.72
2024-01-03,2677,Printer,3,1955.21
2024-03-30,8247,Camera,2,449.78
2022-10-06,2357,Mouse,4,1507.42
2024-05-12,7717,Smartphone,7,1949.24
2023-10-01,4777,Keyboard,6,1899.54
2024-10-01,7209,Tablet,9,854.75
2022-07-13,8258,Tablet,4,401.63
2023-03-01,2878,Keyboard,1,1348.15
2024-05-12,4178,Printer,1,423.38
2024-06-21,3615,Printer,7,1875.89
2023-04-12,7958,Smartphone,3,22.26
2023-10-19,4938,Laptop,1,168.85
2024-09-22,9508,Laptop,8,965.16
2023-06-03,9706,Smartwatch,10,779.35
2024-02-08,7638,Laptop,10,198.47
2023-05-15,2240,Smartwatch,4,1593.7
2022-05-12,7698,Mouse,4,1283.03
2024-09-12,2126,Tablet,5,1374.49
2022-05-16,8252,Mouse,6,1017.65
2023-11-01,4567,Mouse,2,1380.83
2024-01-30,1261,Mouse,3,804.22
2023-08-31,2457,Headphones,9,744.85
2025-02-11,9801,Tablet,7,1946.5
2023-11-28,9580,Camera,5,1500.52
2022-04-03,6906,Mouse,10,1836.23
2022-01-01,5218,Smartphone,2,1678.1
2023-05-08,4379,Smartphone,3,924.34
2023-04-19,9207,Smartwatch,7,1773.75
2024-06-08,2491,Printer,5,1729.54
2023-07-11,8862,Mouse,2,1543.24
2025-03-08,3842,Headphones,3,71.85
2023-04-18,8951,Printer,10,22.4
2022-05-29,5300,Printer,4,578.12
2023-02-25,2962,Smartphone,2,709.67
2022-09-07,9159,Tablet,3,216.59
2023-05-17,6370,Keyboard,3,394.56
2023-05-20,4847,Camera,10,42.43
2022-01-14,6913,Tablet,9,407.53
2022-04-21,4640,Mouse,3,880.03
2025-03-02,5861,Camera,10,37.0
2022-10-19,4468,Headphones,2,256.84
2022-06-03,2610,Camera,5,593.42
2024-06-02,9552,Monitor,10,398.21
2022-03-26,5019,Mouse,10,1487.39
2023-08-24,8762,Smartwatch,6,1173.33
2023-08-10,2434,Keyboard,4,947.07
2022-11-14,4879,Keyboard,8,1588.71
2025-03-21,1193,Laptop,8,1406.84
2024-10-08,2995,Keyboard,4,25.37
2025-03-16,6808,Smartwatch,9,1303.45
2022-06-04,2281,Keyboard,6,1038.15
2023-04-04,7529,Mouse,9,18.26
2024-09-10,2261,Printer,5,250.69
2022-03-18,7283,Printer,6,628.01
2024-10-26,9643,Camera,6,344.84
2024-04-16,8225,Keyboard,4,1728.85
2024-10-11,8352,Headphones,7,764.43
2023-11-22,5555,Tablet,2,945.72
2023-06-05,8420,Headphones,5,759.62
2025-02-24,7157,Monitor,3,329.78
2023-04-24,3586,Tablet,7,1640.59
2024-07-27,8705,Camera,4,958.65
2024-06-29,4818,Laptop,5,72.92
2024-06-07,5013,Camera,7,386.09
2024-08-21,4499,Keyboard,5,1055.86
2023-08-22,5248,Smartwatch,5,1456.45
2023-08-13,3425,Mouse,8,98.65
2022-07-07,3642,Monitor,9,1309.8
2024-01-16,3755,Printer,9,1793.6
2025-01-07,2933,Keyboard,10,81.76
2024-01-08,7180,Camera,8,1910.1
2024-08-14,3691,Headphones,6,578.24
2023-03-29,9800,Keyboard,4,294.63
2022-12-10,8143,Camera,8,1911.02
2023-10-11,4640,Smartphone,1,131.97
2024-05-06,3390,Camera,6,1150.92
2022-04-25,9455,Printer,9,1869.76
2022-01-23,5839,Mouse,8,1104.83
2025-02-17,1142,Printer,7,1738.07
2024-10-26,2414,Mouse,3,302.76
2023-12-31,4506,Smartwatch,2,1058.58
2022-10-16,5067,Headphones,10,399.31
2022-08-03,2031,Mouse,1,516.74
2023-03-21,6037,Headphones,2,1439.95
2025-01-10,8888,Camera,10,1414.47
2022-12-25,4892,Smartphone,9,1301.99
2025-01-25,2924,Tablet,5,1371.42
2022-03-10,2420,Camera,7,867.53
2022-09-04,7157,Smartwatch,7,517.65
2025-01-08,6059,Camera,10,1297.85
2024-04-04,7733,Smartphone,3,1690.76
2022-11-23,5926,Monitor,4,1535.92
2022-04-08,9329,Smartphone,1,1848.11
2023-09-12,7346,Tablet,1,194.22
2023-11-18,5213,Printer,4,1695.51
2022-04-28,9777,Laptop,4,272.59
2022-04-06,8044,Smartphone,4,647.13
2024-02-07,8314,Keyboard,9,21.02
2024-03-31,1415,Mouse,2,1940.08
2022-03-10,1545,Mouse,7,659.07
2022-11-21,8161,Mouse,4,986.17
2023-02-12,6083,Smartwatch,8,30.34
2023-08-05,5453,Smartwatch,1,778.61
2024-11-23,7287,Camera,10,990.97
2022-02-05,2467,Headphones,2,1382.9
2022-04-08,5745,Smartwatch,3,1535.89
2024-12-31,3911,Smartphone,10,1154.25
2022-09-03,4040,Laptop,1,1448.84
2025-03-01,7511,Smartwatch,1,1835.96
2024-01-19,8467,Mouse,8,1929.24
2022-04-20,5769,Smartwatch,4,1580.13
2024-04-12,9716,Camera,10,1554.75
2023-02-27,4897,Camera,1,1894.86
2022-12-22,3524,Smartwatch,6,1890.53
2024-01-09,6123,Monitor,4,1860.99
2025-01-02,4404,Headphones,3,690.16
2024-10-28,3760,Smartwatch,5,1538.5
2022-02-02,5504,Printer,7,1491.55
2023-05-03,5811,Monitor,8,1439.63
2024-08-17,3725,Tablet,3,1841.88
2024-01-20,3581,Tablet,8,1408.6
2024-04-27,6711,Smartphone,9,1504.96
2023-02-22,6849,Laptop,9,662.66
2024-07-02,4443,Laptop,1,313.37
2024-05-14,1220,Mouse,3,304.7
2022-05-25,9905,Laptop,2,785.34
2023-07-01,7876,Camera,7,659.43
2025-01-24,7913,Smartwatch,2,523.21
2022-01-06,5102,Headphones,7,1488.34
2022-12-04,4804,Monitor,4,197.46
2022-03-03,1150,Camera,5,501.44
2022-01-05,5283,Smartphone,8,210.05
2023-08-18,5703,Camera,9,920.1
2022-08-21,4673,Smartphone,2,1580.22
2022-06-19,8663,Printer,7,1757.17
2022-02-09,5560,Smartphone,3,1358.04
2022-03-08,3457,Headphones,6,330.63
2023-01-02,3651,Headphones,10,1370.65
2023-08-06,7509,Headphones,2,1319.46
2022-06-18,6321,Tablet,9,551.28
2025-01-06,8677,Printer,2,223.1
2023-05-10,9256,Keyboard,2,587.14
2025-02-13,1595,Headphones,2,1883.75
2022-03-05,4939,Mouse,6,1301.51
2023-08-11,6191,Smartwatch,3,1314.72
2023-03-04,8473,Smartwatch,7,1455.73
2024-10-11,6555,Laptop,3,1336.38
2023-01-15,4986,Tablet,4,1962.5
2022-04-11,2498,Keyboard,10,1071.75
2023-12-15,5695,Printer,9,278.69
2022-12-19,2319,Camera,9,763.39
2024-04-28,2486,Keyboard,3,1628.38
2024-06-26,3166,Monitor,10,940.03
2023-11-27,8568,Monitor,2,1605.85
2024-09-03,8865,Camera,2,205.05
2023-09-05,7423,Printer,2,111.72
2022-11-10,2509,Monitor,5,1379.02
2023-10-08,5038,Tablet,6,1095.72
2023-04-13,5791,Mouse,9,18.75
2024-11-06,8404,Smartphone,8,284.28
2022-02-23,6373,Keyboard,8,262.74
2022-05-05,9089,Smartwatch,7,173.42
2024-10-27,2771,Smartphone,10,1702.99
2022-02-20,7036,Headphones,3,100.33
2024-02-15,8104,Camera,7,1440.74
2024-04-22,4541,Smartwatch,1,1023.47
2023-02-08,9851,Smartwatch,2,1426.73
2022-05-22,5071,Printer,3,1518.02
2022-01-16,9154,Tablet,10,1134.45
2024-02-18,2105,Keyboard,9,1194.3
2024-10-26,4434,Monitor,10,58.19
2024-12-24,1061,Printer,4,91.18
2022-03-22,3116,Mouse,1,1104.26
2022-02-18,9586,Smartphone,9,25.01
2023-01-26,8199,Mouse,6,193.26
2023-12-26,5498,Monitor,6,539.65
2024-12-15,4070,Laptop,4,1868.53
2022-11-21,6327,Camera,9,601.74
2022-01-26,7671,Tablet,4,698.81
2025-01-27,9030,Smartphone,6,564.72
2022-03-03,9128,Keyboard,4,1312.23
2024-09-19,6905,Monitor,7,904.15
2023-11-16,4912,Keyboard,9,611.75
2024-12-24,6174,Monitor,8,1507.81
2024-02-15,4676,Tablet,6,1187.46
2022-10-18,3192,Smartphone,8,902.16
2023-07-30,4758,Mouse,1,84.35
2022-09-02,2658,Printer,9,1710.45
2024-06-23,4276,Tablet,10,100.68
2022-10-12,2453,Headphones,3,1380.04
2024-12-12,9212,Smartwatch,7,1309.01
2024-07-10,5989,Laptop,9,1661.28
2024-05-14,4293,Headphones,1,1183.46
2022-08-27,4439,Camera,7,1860.67
2023-07-28,7165,Headphones,9,195.02
2024-08-28,6612,Monitor,9,1260.85
2022-03-01,8763,Smartphone,10,1420.61
2023-04-20,5483,Printer,3,1705.34
2024-09-09,3158,Headphones,3,50.17
2024-02-02,3092,Printer,6,178.91
2024-07-09,1007,Laptop,8,430.47
2024-06-07,1310,Laptop,7,142.61
2025-01-06,6867,Laptop,9,1295.3
2024-09-08,6435,Tablet,4,1820.04
2024-02-03,9980,Headphones,9,1114.2
2023-03-27,9954,Camera,3,1384.74
2022-02-26,3443,Monitor,3,1491.67
2025-03-30,7589,Mouse,6,740.62
2023-08-01,6829,Headphones,2,1696.67
2025-01-26,8845,Smartwatch,8,372.35
2022-02-23,3426,Laptop,6,1394.04
2022-12-15,2574,Smartphone,10,649.73
2024-05-28,4977,Camera,1,209.3
2022-09-04,1382,Printer,2,933.28
2022-06-08,4325,Smartwatch,1,758.3
2024-09-01,5236,Smartwatch,10,1671.8
2024-03-30,3670,Smartphone,10,1904.38
2022-02-17,8767,Keyboard,3,1743.71
2022-10-22,6759,Smartwatch,10,734.65
2022-10-25,5528,Smartphone,9,889.66
2024-04-13,4874,Camera,6,1895.49
2024-12-23,3713,Mouse,7,1639.63
2022-02-26,2342,Keyboard,5,1144.5
2024-09-19,2693,Keyboard,4,1179.05
2024-11-11,9275,Printer,3,1816.97
2024-03-25,1796,Laptop,1,735.42
2023-11-04,2541,Tablet,10,502.93
2023-07-07,5740,Smartphone,8,545.04
2022-04-27,1699,Headphones,1,1378.54
2022-10-25,8363,Monitor,10,884.17
2023-03-22,6450,Camera,6,949.74
2022-11-04,9274,Printer,5,450.28
2022-08-06,6418,Keyboard,1,1410.49
2022-03-15,3590,Keyboard,9,1612.24
2023-11-23,2608,Tablet,9,1104.51
2024-12-22,2241,Monitor,10,266.6
2023-10-12,7336,Printer,9,801.01
2023-01-31,7879,Monitor,8,631.86
2024-10-17,8195,Camera,7,1199.31
2025-03-29,1669,Tablet,6,414.36
2023-07-26,5461,Printer,3,1727.17
2023-05-29,6171,Headphones,7,1550.07
2025-03-12,6231,Headphones,7,1947.32
2024-12-28,8980,Keyboard,8,1471.98
2024-06-23,9481,Mouse,5,1601.88
2024-08-09,6410,Monitor,2,1313.72
2025-01-09,8783,Smartphone,4,600.17
2023-07-26,3458,Monitor,5,1650.51
2022-04-03,7329,Printer,4,713.71
2022-09-27,9256,Smartphone,4,1039.88
2025-03-08,7018,Laptop,9,1291.72
2023-08-18,2620,Laptop,5,1885.3
2022-12-01,7648,Mouse,5,817.53
2022-08-06,8549,Tablet,3,1194.36
2022-10-09,7421,Camera,6,206.97
2024-03-30,5627,Mouse,10,1039.53
2022-06-27,4967,Keyboard,4,1765.41
2022-10-05,5010,Tablet,8,800.2
2024-10-26,7155,Tablet,10,481.65
2022-10-05,4932,Laptop,1,210.03
2022-03-07,9958,Printer,6,1407.15
2024-03-04,5474,Printer,8,832.5
2024-09-15,7886,Tablet,2,917.5
2023-10-23,6038,Monitor,5,1010.68
2022-10-07,3403,Mouse,4,710.28
2022-08-28,7461,Smartwatch,8,1633.99
2022-02-22,7511,Smartphone,2,50.89
2024-02-27,6015,Monitor,5,1668.66
2024-04-06,9503,Keyboard,6,1696.45
2025-02-13,7352,Printer,3,1721.33
2024-11-08,5834,Camera,8,1705.38
2023-03-29,9603,Printer,10,1499.4
2024-10-12,2660,Laptop,8,1423.49
2022-11-19,9844,Headphones,3,387.41
2023-07-15,4482,Monitor,5,89.61
2024-04-10,3531,Mouse,1,979.98
2023-02-20,5035,Tablet,7,1049.11
2022-08-11,8288,Smartwatch,9,1904.39
2022-10-13,6370,Smartwatch,3,809.24
2022-06-23,6147,Keyboard,2,1971.76
2022-04-14,3908,Laptop,5,1899.55
2022-01-16,6914,Keyboard,8,1620.91
2025-01-07,3836,Monitor,4,532.07
2022-03-14,1786,Smartphone,8,1514.4
2023-10-28,1531,Monitor,10,1931.3
2023-11-29,8171,Smartphone,7,109.64
2022-11-13,8918,Smartwatch,7,1495.39
2023-01-13,1366,Smartwatch,4,568.57
2024-09-19,9210,Tablet,2,594.26
2024-01-04,8392,Mouse,8,100.03
2023-10-04,7532,Laptop,1,275.21
2022-08-01,5335,Smartphone,3,797.75
2022-05-31,8012,Smartphone,9,956.02
2023-06-17,5747,Keyboard,10,262.67
2023-06-05,4066,Laptop,9,1196.65
2023-03-29,3772,Camera,3,557.45
2024-04-01,8293,Monitor,7,874.32
2022-03-30,8343,Headphones,4,1563.2
2022-04-13,4144,Mouse,3,61.77
2022-05-15,1358,Monitor,3,121.29
2023-01-28,3493,Smartwatch,2,385.33
2025-01-18,8277,Headphones,3,1684.01
2022-06-05,5008,Mouse,7,1306.42
2024-07-01,9706,Smartwatch,4,1399.95
2023-05-19,5495,Monitor,3,275.63
2022-03-23,9913,Smartwatch,2,134.41
2024-10-24,3976,Printer,6,1946.69
2024-02-02,1662,Headphones,4,732.3
2024-04-13,9840,Keyboard,10,1611.72
2022-12-05,2488,Tablet,3,1963.68
2023-04-27,8801,Camera,6,18.62
2022-03-15,3752,Laptop,7,1057.96
2022-03-18,3794,Smartphone,1,288.3
2023-10-27,5271,Monitor,8,10.51
2023-01-19,8705,Laptop,2,1825.96
2022-10-18,2045,Camera,5,1565.82
2022-11-08,8967,Smartwatch,10,96.8
2022-02-23,7583,Headphones,5,893.13
2022-03-18,3671,Smartphone,4,253.47
2022-02-28,6566,Monitor,9,1400.34
2025-01-08,4781,Camera,7,739.16
2023-04-12,9613,Keyboard,8,1403.72
2023-08-19,1233,Printer,3,1619.17
2024-06-29,7368,Printer,10,979.13
2024-04-28,1770,Headphones,5,479.21
2023-06-04,7162,Smartphone,4,1480.62
2024-03-22,4946,Printer,7,1458.97
2024-06-05,2578,Smartwatch,10,333.88
2023-12-23,3848,Camera,2,940.84
2024-05-03,5196,Camera,3,806.7
2023-10-30,1526,Tablet,2,1753.71
2022-11-09,2995,Tablet,2,1947.62
2023-12-08,3509,Keyboard,6,585.28
2025-03-21,5589,Camera,4,1379.32
2022-12-26,4624,Monitor,7,1174.69
2022-03-03,1116,Monitor,2,788.15
2024-03-07,6119,Printer,3,1265.37
2023-09-07,4447,Printer,7,1010.65
2023-07-10,4838,Tablet,8,1220.21
2024-06-09,6476,Headphones,5,1373.46
2024-10-04,9092,Laptop,7,23.5
2022-08-23,9208,Tablet,3,1935.12
2024-04-02,9401,Tablet,7,1022.65
2022-11-02,9040,Keyboard,4,1292.83
2024-05-05,7474,Headphones,1,1511.26
2025-03-21,1277,Camera,5,565.3
2025-01-17,4956,Mouse,5,1663.6
2025-03-26,7929,Smartwatch,7,1554.82
2022-05-12,6962,Laptop,2,1662.84
2022-06-14,4446,Smartwatch,5,887.54
2024-04-22,7689,Tablet,7,645.51
2025-03-11,2205,Smartwatch,7,587.38
2022-11-10,6866,Keyboard,7,1133.58
2023-04-11,7792,Laptop,10,819.43
2022-06-30,9262,Camera,4,1403.87
2022-03-22,8830,Camera,5,1757.37
2023-01-07,2298,Mouse,9,567.05
2023-10-02,5335,Headphones,4,1742.77
2022-06-07,3068,Smartphone,5,645.02
2023-12-23,7298,Monitor,4,1021.94
2024-05-20,6093,Mouse,1,80.09
2025-01-01,7053,Headphones,10,1287.35
2022-02-18,8419,Laptop,10,1176.29
2023-07-23,4028,Camera,7,358.26
2025-03-31,9312,Smartwatch,4,1922.27
2023-11-11,4678,Camera,8,1973.72
2022-03-26,7195,Keyboard,7,829.52
2023-05-04,8695,Camera,7,541.73
2022-02-08,2534,Headphones,9,315.78
2024-05-17,9783,Smartphone,5,1694.03
2023-03-03,2844,Headphones,7,1155.55
2023-03-18,6343,Monitor,5,1453.48
2022-07-31,1778,Smartwatch,5,1666.57
2023-05-30,3177,Smartwatch,2,800.31
2023-04-15,1568,Tablet,10,1317.18
2023-09-25,2458,Mouse,9,257.46
2022-10-14,7461,Headphones,5,1558.29
2025-03-08,1968,Smartwatch,10,1118.92
2024-12-07,6661,Laptop,1,1644.37
2022-12-22,3159,Camera,10,808.81
2023-07-17,1740,Tablet,6,737.42
2024-02-22,8349,Headphones,1,1621.29
2025-03-10,2178,Printer,6,1333.97
2022-04-14,8489,Monitor,9,481.44
2023-07-21,6132,Camera,4,715.59
2023-09-16,8658,Printer,9,1595.29
2022-07-02,2822,Smartwatch,4,947.69
2023-03-10,1770,Smartwatch,3,539.43
2024-02-28,2407,Smartphone,9,980.07
2024-05-07,7653,Headphones,1,217.66
2024-04-07,8249,Monitor,4,489.23
2023-01-04,9964,Mouse,4,676.15
2022-06-17,8701,Mouse,8,1297.17
2022-08-29,2929,Camera,3,330.54
2024-11-07,8352,Tablet,3,1685.93
2024-02-20,6654,Camera,9,1167.25
2023-10-21,3702,Tablet,4,1969.76
2022-02-11,2998,Smartwatch,9,916.11
2025-01-01,4860,Headphones,7,628.83
2023-12-09,2567,Headphones,9,515.49
2024-03-25,6267,Tablet,8,234.95
2022-06-07,6859,Keyboard,1,1209.63
2024-12-05,1796,Laptop,4,410.26
2023-05-29,1077,Headphones,6,434.04
2022-04-19,1258,Mouse,10,166.07
2022-10-03,5862,Keyboard,8,1585.16
2023-03-05,2546,Tablet,8,49.66
2023-09-26,2598,Laptop,8,643.27
2024-09-22,6086,Tablet,7,1173.53
2023-09-11,8260,Tablet,4,355.67
2024-02-24,6371,Smartphone,9,656.24
2022-02-03,7782,Monitor,3,967.93
2023-08-04,9409,Mouse,4,52.56
2022-01-09,2136,Headphones,5,615.18
2022-02-20,8336,Keyboard,7,1312.34
2024-05-12,9069,Headphones,2,1480.49
2024-04-30,5267,Camera,1,485.84
2024-06-30,7470,Monitor,7,904.42
2025-02-13,4250,Headphones,3,1898.47
2022-03-18,7850,Smartphone,4,810.6
2022-09-30,5891,Headphones,6,1702.91
2022-07-19,8290,Mouse,9,1182.78
2022-11-06,3656,Keyboard,10,36.8
2022-02-24,6364,Headphones,3,297.1
2023-04-25,6133,Tablet,5,1104.21
2022-04-10,6333,Laptop,5,1364.84
2022-10-16,3336,Tablet,7,1276.81
2022-02-28,4281,Mouse,10,1137.15
2022-05-03,3108,Camera,4,603.7
2022-04-10,9840,Camera,2,342.38
2022-03-01,8151,Smartwatch,9,1205.57
2024-02-24,3113,Headphones,4,903.27
2022-12-06,1423,Camera,10,1565.83
2024-07-23,5834,Tablet,9,1449.26
2022-05-21,3246,Laptop,3,568.4
2023-06-17,6008,Laptop,7,1569.31
2024-07-13,6871,Printer,3,703.58
2022-07-07,7167,Headphones,10,937.29
2025-02-04,8235,Mouse,3,1389.97
2024-09-01,8432,Monitor,5,1673.95
2022-06-30,4365,Mouse,4,1778.39
2022-02-21,2326,Tablet,2,1542.21
2025-03-16,5879,Smartphone,10,1158.56
2023-05-05,9351,Printer,1,1965.01
2024-03-21,9794,Tablet,7,114.38
2025-03-04,4553,Tablet,9,155.97
2023-02-06,3477,Mouse,3,60.28
2023-12-26,2814,Smartphone,4,1862.74
2023-06-16,1291,Keyboard,6,906.29
2023-07-25,6002,Monitor,2,1365.99
2024-02-28,8695,Smartphone,2,1694.11
2024-05-10,2636,Headphones,1,626.75
2023-08-23,1281,Printer,5,715.4
2024-02-16,7620,Mouse,6,721.19
2024-08-15,1999,Camera,8,391.37
2025-02-14,3088,Smartphone,8,1848.58
2022-04-21,7187,Mouse,5,755.36
2022-09-21,3800,Printer,4,104.99
2025-01-26,2889,Headphones,6,123.17
2024-12-11,3219,Camera,7,582.27
2025-01-04,9629,Laptop,9,676.34
2024-12-24,8887,Headphones,3,475.58
2024-01-19,2993,Laptop,3,524.42
2024-04-27,8528,Camera,5,351.11
2024-12-08,1993,Mouse,10,1013.41
2023-01-17,9544,Keyboard,5,1223.75
2025-02-15,2996,Mouse,1,1450.88
2022-09-29,3853,Keyboard,2,1419.12
2022-05-15,2317,Monitor,1,1178.18
2022-09-24,7081,Camera,6,1083.95
2023-07-01,9252,Monitor,8,1935.61
2023-07-06,1814,Keyboard,8,1413.75
2025-01-01,2310,Laptop,9,477.96
2022-08-20,5244,Laptop,6,629.19
2022-09-17,7658,Mouse,5,665.65
2022-04-21,3110,Camera,1,561.44
2025-03-23,7807,Laptop,5,1467.43
2023-10-05,5229,Headphones,3,291.71
2022-10-12,2167,Monitor,7,494.31
2024-06-01,8464,Headphones,10,1072.35
2023-04-29,9947,Headphones,9,977.92
2023-08-14,1060,Laptop,8,595.18
2022-04-07,6224,Tablet,6,1936.26
2023-06-24,7856,Tablet,9,126.11
2023-03-15,1250,Tablet,8,141.99
2024-05-06,5456,Camera,6,1793.5
2022-04-23,8752,Camera,6,213.51
2024-08-06,9034,Tablet,3,935.23
2024-02-05,1329,Smartwatch,9,586.27
2024-04-29,3523,Tablet,8,1105.22
2023-04-10,9573,Printer,10,1278.0
2023-06-20,5471,Laptop,3,1902.94
2022-06-06,9204,Camera,2,155.29
2025-01-13,7547,Smartwatch,10,1721.96
2023-01-02,6039,Printer,8,1186.11
2024-05-18,8517,Headphones,7,1388.94
2024-05-25,4843,Monitor,6,1145.82
2023-07-22,4955,Keyboard,5,294.01
2024-12-19,2391,Keyboard,6,353.56
2024-05-11,6465,Camera,8,871.37
2022-04-07,4273,Smartphone,9,1699.17
2024-12-25,8003,Mouse,4,1854.08
2023-12-07,6333,Headphones,2,1135.09
2024-09-26,7771,Tablet,7,1449.24
2024-12-05,9901,Printer,6,660.32
2024-08-15,1708,Monitor,4,895.71
2022-04-06,3200,Laptop,3,1076.4
2022-06-03,9774,Smartphone,1,699.37
2022-02-27,7648,Smartwatch,6,1671.13
2023-11-12,3234,Headphones,9,747.56
2023-03-13,2404,Smartphone,10,280.03
2022-02-28,1364,Tablet,6,929.61
2022-12-23,3332,Printer,3,968.31
2022-04-21,1086,Laptop,7,211.77
2023-02-09,7656,Headphones,2,958.19
2022-01-13,5737,Mouse,6,579.2
2022-06-30,3254,Smartphone,7,159.7
2022-09-13,5502,Laptop,8,748.63
2025-02-17,7055,Smartwatch,1,403.99
2023-09-04,4065,Smartwatch,8,843.48
2022-01-04,3266,Mouse,7,1914.48
2023-01-19,3645,Laptop,2,256.29
2024-02-21,4461,Smartwatch,6,1831.19
2022-11-10,4816,Camera,1,1303.99
2024-11-14,1236,Smartphone,3,1808.28
2024-02-25,9093,Keyboard,4,471.0
2023-10-05,1004,Smartwatch,6,201.85
2023-09-24,6258,Headphones,2,1932.0
2024-08-16,8261,Mouse,8,115.56
2022-04-17,7172,Smartwatch,2,1901.56
2024-08-15,6870,Tablet,3,1184.12
2024-08-21,4185,Headphones,2,867.76
2023-10-18,4781,Smartwatch,5,992.27
2023-05-04,6242,Laptop,2,33.44
2024-02-22,2565,Smartwatch,10,1139.99
2022-11-04,3012,Keyboard,2,1743.78
2022-10-22,8856,Camera,9,494.38
2022-10-03,5002,Monitor,4,1851.17
2022-07-03,9056,Laptop,1,1758.55
2024-09-18,2368,Laptop,3,53.3
2023-08-15,6523,Mouse,3,1274.04
2023-01-05,8051,Headphones,4,1190.75
2023-09-28,6273,Mouse,10,343.14
2024-07-01,2477,Tablet,8,894.45
2024-06-25,2114,Monitor,5,1104.7
2022-04-15,3602,Tablet,7,1934.3
2023-11-26,7795,Keyboard,4,750.13
2023-08-15,4383,Laptop,8,230.47
2024-12-19,2704,Headphones,10,1307.76
2022-05-30,7888,Smartwatch,2,1153.71
2023-09-16,9227,Keyboard,7,642.55
2024-08-26,7753,Headphones,3,538.48
2022-01-04,3098,Smartphone,3,1152.25
2023-10-17,9298,Keyboard,5,1100.89
2022-11-15,3562,Laptop,7,735.51
2022-03-18,8912,Printer,1,482.22
2025-03-18,4965,Tablet,1,1487.39
2022-09-25,4984,Headphones,10,331.89
2025-01-26,4103,Smartwatch,8,731.61
2022-01-30,9741,Printer,7,1090.4
2024-02-14,5540,Camera,3,1643.13
2024-06-18,5809,Laptop,2,604.68
2022-10-01,8117,Monitor,8,895.07
2023-03-14,7874,Headphones,5,462.78
2023-10-14,6121,Laptop,4,111.57
2024-06-19,6545,Laptop,10,230.73
2024-03-07,8401,Smartphone,3,1196.67
2024-12-05,5681,Headphones,9,797.8
2022-08-02,8120,Smartwatch,9,1395.4
2025-02-26,3655,Smartphone,9,658.51
2024-12-07,3825,Keyboard,10,687.44
2024-03-16,4886,Mouse,9,1313.03
2023-10-03,5245,Monitor,4,1544.99
2023-08-01,8162,Headphones,4,291.51
2022-01-18,5417,Mouse,5,1840.38
2024-02-06,2637,Mouse,7,681.42
2023-07-06,6723,Smartwatch,4,1326.08
2023-06-07,1568,Tablet,10,991.47
2022-06-23,3935,Tablet,10,1289.42
2022-07-02,4595,Laptop,7,1564.44
2023-04-21,5895,Headphones,8,1678.89
2022-01-25,2051,Smartwatch,10,1411.61
2023-02-06,4845,Camera,3,684.61
2022-10-21,6090,Smartphone,5,1353.05
2022-10-29,8139,Monitor,8,1578.32
2023-01-13,9980,Smartphone,4,576.65
2025-03-02,6525,Laptop,6,1254.47
2024-07-30,1240,Keyboard,6,1624.12
2023-10-06,6887,Laptop,2,1592.23
2022-08-12,2584,Smartwatch,5,1524.59
2022-06-20,4217,Mouse,4,961.52
2022-10-30,7464,Camera,4,107.22
2023-11-01,1330,Monitor,10,205.76
2025-01-04,9336,Camera,5,1060.36
2022-09-11,6381,Laptop,6,1607.98
2022-12-30,7367,Smartwatch,9,1996.16
2024-09-22,8702,Keyboard,9,288.01
2023-09-28,6594,Laptop,9,1812.48
2024-03-26,5151,Headphones,10,1456.23
2024-12-21,4999,Smartwatch,7,1687.16
2023-02-06,7193,Laptop,9,621.93
2024-10-03,1292,Smartwatch,4,1292.47
2025-02-03,1711,Printer,5,336.88
2024-12-03,9711,Monitor,3,194.3
2023-04-19,5475,Monitor,6,1499.2
2024-02-10,4480,Tablet,8,1113.06
2025-01-10,1435,Headphones,3,1903.03
2022-11-05,7799,Monitor,9,407.47
2023-03-31,2419,Headphones,3,1649.7
2023-12-22,4814,Camera,10,1658.37
2025-03-06,6779,Monitor,8,1068.2
2024-01-07,4941,Tablet,9,743.78
2023-10-18,1867,Headphones,10,283.63
2024-05-12,5531,Printer,5,1099.14
2023-01-11,2321,Laptop,9,738.06
2023-02-21,4604,Smartwatch,6,692.88
2023-02-12,6658,Smartwatch,1,1278.86
2023-04-17,4461,Printer,4,1763.37
2022-06-23,8820,Smartwatch,10,1348.06
2024-03-02,4034,Headphones,8,1531.47
2024-10-03,3471,Smartwatch,2,1818.8
2022-03-04,9826,Printer,7,1703.91
2023-03-27,2135,Mouse,2,1968.62
2024-10-14,8512,Headphones,2,1059.58
2024-10-25,3989,Tablet,9,578.2
2024-04-24,4220,Mouse,6,1946.17
2025-01-03,8613,Headphones,2,1983.24
2024-10-26,3592,Smartphone,4,813.85
2022-12-13,3143,Smartphone,5,844.95
2023-04-29,4937,Monitor,5,1319.73
2023-10-11,9498,Keyboard,3,1870.73
2023-04-23,3338,Mouse,6,406.47
2024-03-01,3489,Keyboard,9,691.07
2023-10-17,7496,Mouse,4,1509.8
2023-11-22,4982,Keyboard,8,1380.68
2022-02-21,4471,Camera,7,1731.28
2024-09-05,7044,Smartwatch,9,1854.61
2024-11-21,3819,Smartwatch,1,1529.4
2023-04-17,6511,Smartwatch,4,447.22
2024-05-10,2332,Mouse,2,957.78
2024-05-03,1493,Keyboard,2,284.73
2023-05-15,5625,Smartwatch,2,254.04
2024-07-23,3686,Tablet,10,907.08
2022-10-24,4424,Mouse,6,71.39
2024-06-17,6220,Smartphone,4,1166.08
2025-03-25,1286,Mouse,4,1111.46
2023-03-29,6193,Smartwatch,6,90.85
2024-08-27,2281,Smartphone,9,216.41
2024-04-10,2364,Monitor,10,1725.02
2023-05-07,6055,Keyboard,7,1243.88
2022-11-16,6803,Keyboard,2,909.38
2024-05-27,3819,Keyboard,7,51.71
2025-01-31,5603,Camera,9,499.78
2025-02-15,4531,Smartwatch,3,1139.62
2024-05-22,1273,Smartwatch,5,615.46
2024-07-17,1429,Keyboard,7,663.77
2024-12-27,4664,Smartwatch,10,1697.23
2024-10-29,8764,Keyboard,5,1710.16
2023-02-27,1378,Camera,10,1942.47
2023-10-07,8197,Smartphone,5,1809.26
2022-12-05,5692,Headphones,2,1217.33
2024-01-06,7415,Camera,7,1284.05
2024-09-07,1836,Camera,8,797.66
2023-08-30,1357,Laptop,7,693.43
2023-02-17,7634,Headphones,3,381.15
2023-01-23,9148,Mouse,10,1576.58
2023-06-22,8875,Mouse,7,851.64
2023-12-03,8412,Headphones,3,1149.45
2023-09-20,5710,Mouse,5,1255.67
2022-01-02,4948,Tablet,2,646.79
2022-11-10,7957,Smartphone,10,845.14
2023-12-03,1107,Tablet,7,1031.05
2022-10-05,3643,Mouse,2,886.75
2022-03-30,1119,Smartwatch,1,1579.65
2023-10-15,7135,Smartphone,5,298.72
2024-04-01,1501,Headphones,2,835.83
2023-11-20,5940,Camera,4,1129.25
2023-11-27,2192,Monitor,2,1460.0
2022-10-31,7018,Smartwatch,6,1163.2
2023-12-17,4873,Headphones,10,13.65
2024-01-25,9079,Laptop,6,1117.14
2023-02-16,5310,Printer,2,542.73
2024-10-04,9314,Tablet,8,463.42
2023-09-03,7884,Laptop,3,410.83
2025-02-20,6532,Mouse,8,1590.99
2024-12-29,7532,Camera,6,882.46
2022-07-20,6048,Camera,4,1285.66
2025-03-20,3775,Smartphone,9,1134.29
2024-08-17,9547,Mouse,7,794.84
2023-07-16,6227,Keyboard,3,634.5
2025-02-25,8821,Mouse,5,183.96
2024-07-25,5447,Printer,1,928.71
2023-08-20,1174,Camera,6,647.73
2022-08-01,3025,Keyboard,6,1409.28
2023-03-12,6398,Laptop,10,342.96
2025-03-22,5530,Monitor,2,1575.37
2025-01-11,8747,Headphones,8,665.13
2022-08-02,5888,Tablet,3,1198.77
2023-07-31,7067,Tablet,3,562.85
2023-10-06,7939,Tablet,3,1433.27
2024-07-15,7653,Keyboard,7,272.06
2024-09-06,3488,Monitor,2,725.38
2022-12-21,5690,Smartphone,7,1028.83
2022-10-09,3258,Smartphone,5,1895.02
2024-09-16,1344,Tablet,4,1535.08
2024-08-26,4768,Smartphone,8,865.43
2023-01-17,2799,Monitor,1,997.67
2024-11-13,1651,Smartphone,1,1128.78
2023-03-30,8532,Monitor,1,313.94
2024-02-08,1978,Keyboard,7,1078.72
2025-03-06,5271,Headphones,4,477.5
2022-12-22,8401,Tablet,10,60.08
2023-09-04,3180,Camera,7,815.08
2022-04-24,4690,Printer,10,1637.12
2022-07-11,7185,Smartwatch,1,1312.07
2023-01-05,7352,Headphones,8,989.16
2025-01-28,1950,Camera,3,854.64
2023-01-06,8931,Smartwatch,10,1908.58
2023-02-21,9268,Headphones,7,276.65
2022-10-28,4048,Printer,3,950.22
2024-04-06,4055,Monitor,10,407.42
2023-02-25,7949,Laptop,3,881.26
2022-10-27,7908,Mouse,8,836.2
2022-09-25,1497,Monitor,1,1637.81
2023-04-21,2030,Headphones,5,249.54
2023-12-10,3894,Headphones,8,1971.64
2024-02-26,2446,Mouse,5,991.34
2024-12-25,7513,Keyboard,7,1758.46
2024-03-23,4370,Headphones,2,93.97
2025-03-07,4252,Smartphone,5,448.37
2023-04-05,4237,Camera,9,123.06
2022-11-20,1773,Smartphone,6,1311.16
2023-01-05,3150,Tablet,5,380.44
2023-05-31,2983,Printer,3,1128.17
2023-11-09,5247,Headphones,9,1343.05
2022-05-31,5873,Tablet,7,693.07
2025-01-24,1743,Camera,10,827.05
2022-01-31,5371,Headphones,4,1006.8
2023-08-26,6814,Monitor,6,1963.64
2023-01-06,1349,Smartwatch,4,1354.55
2023-08-08,4165,Smartwatch,7,972.82
2024-04-15,9768,Headphones,2,1238.35
2023-08-21,5506,Printer,3,1068.73
2024-08-03,3448,Printer,2,433.51
2022-08-17,5609,Laptop,4,1986.42
2022-10-24,1246,Laptop,7,715.34
2022-01-16,1454,Tablet,4,30.92
2022-09-27,7688,Tablet,2,410.3
2022-04-23,2199,Smartwatch,1,1751.14
2022-06-26,5527,Smartwatch,6,1629.79
2023-04-07,5152,Camera,10,86.86
2023-01-08,5726,Keyboard,9,1449.0
2022-04-09,8863,Camera,3,1522.41
2022-08-02,6683,Camera,2,342.65
2025-02-12,9006,Printer,9,349.5
2024-04-10,2202,Smartwatch,6,709.04
2024-02-24,8103,Tablet,10,1667.45
2023-05-29,2749,Smartwatch,1,1510.68
2023-08-19,6622,Smartwatch,7,941.8
2022-01-21,9363,Smartwatch,9,547.82
2023-09-09,8046,Monitor,10,84.3
2024-06-14,6365,Laptop,8,1125.54
2022-04-03,1872,Monitor,5,1974.24
2024-01-18,1424,Smartphone,1,1584.35
2022-08-30,8029,Headphones,5,928.62
2022-12-30,3829,Monitor,4,1612.25
2024-07-03,7097,Smartphone,10,1960.87
2022-01-03,7727,Printer,4,1611.39
2022-11-08,7779,Monitor,1,1465.92
2024-12-16,7089,Smartphone,2,289.2
2023-01-17,6670,Mouse,3,1401.95
2024-06-27,5237,Smartphone,3,775.5
2023-06-30,9570,Tablet,4,520.72
2022-03-06,1901,Keyboard,9,1676.72
2022-02-14,5515,Printer,6,690.69
2023-02-20,4609,Laptop,6,873.16
2023-12-09,6767,Smartwatch,7,1566.52
2023-07-30,2199,Mouse,3,402.27
2022-03-14,4382,Laptop,1,652.37
2022-11-17,6935,Laptop,1,1832.89
2022-01-21,3415,Smartwatch,6,1508.57
2022-03-29,4295,Mouse,2,220.8
2023-01-20,3206,Laptop,9,1654.29
2022-11-16,2419,Headphones,5,1358.15
2024-04-06,5000,Smartphone,3,140.77
2024-05-22,8410,Printer,7,1631.04
2022-03-15,1888,Headphones,2,1779.64
2023-06-26,8396,Laptop,5,1109.72
2023-05-25,6815,Mouse,2,935.01
2023-10-11,2970,Mouse,4,1741.92
2024-03-18,3421,Headphones,7,1215.83
2022-07-04,1041,Smartwatch,10,1408.6
2023-01-15,2520,Smartphone,6,1857.12
2022-01-07,8620,Printer,8,1492.2
2023-08-03,4854,Headphones,3,310.15
2022-05-17,1120,Keyboard,9,1535.61
2024-06-04,4756,Tablet,1,550.37
2023-01-30,2242,Keyboard,3,1264.75
2023-06-28,2354,Printer,4,1360.78
2022-02-05,2474,Smartphone,8,206.23
2024-08-04,6987,Headphones,9,28.54
2022-02-02,2996,Smartwatch,8,213.12
2022-09-27,4973,Keyboard,9,1935.76
2023-12-03,2663,Smartwatch,9,485.37
2024-02-12,9163,Camera,7,816.47
2024-06-18,2163,Mouse,4,1856.95
2023-03-04,1937,Mouse,8,1141.92
2022-02-21,7776,Camera,1,1488.27
2024-01-25,5438,Smartwatch,10,1113.87
2023-03-26,9535,Headphones,10,1721.37
2023-07-20,4266,Monitor,10,907.83
2022-01-22,5847,Laptop,10,1697.95
2025-01-09,2593,Laptop,6,987.76
2024-03-01,3397,Laptop,7,65.01
2024-01-05,7250,Smartphone,6,1038.26
2022-01-15,3982,Printer,4,966.86
2022-11-27,9290,Laptop,1,1941.27
2022-11-16,6884,Smartphone,3,490.68
2024-12-29,9060,Smartwatch,5,1790.52
2023-10-13,5658,Monitor,10,572.51
2023-04-19,5182,Monitor,9,368.14
2022-04-10,4237,Tablet,7,175.97
2024-04-29,8314,Smartphone,8,706.21
2024-09-13,3210,Tablet,4,1690.5
2024-02-22,8556,Mouse,2,847.3
2022-12-27,7920,Laptop,9,675.36
2024-03-19,9068,Headphones,10,1563.78
2024-09-28,4512,Monitor,9,1946.36
2024-11-21,1752,Smartwatch,6,503.58
2022-02-09,3283,Laptop,6,1108.33
2025-02-21,3584,Printer,4,1841.0
2024-01-29,3408,Keyboard,1,396.96
2025-01-04,8464,Smartwatch,5,937.99
2022-10-27,4143,Mouse,7,1824.98
2024-04-01,8695,Mouse,1,225.77
2024-03-13,6281,Keyboard,8,1336.12
2024-03-10,7323,Smartwatch,8,244.61
2023-06-10,6344,Mouse,8,1617.55
2024-06-12,4132,Keyboard,7,615.17
2023-01-25,9583,Camera,6,1552.85
2022-12-30,5127,Printer,6,802.73
2024-03-30,4257,Smartphone,8,1870.02
2024-11-15,7197,Camera,10,41.44
2022-07-02,8558,Printer,2,158.95
2022-11-04,1061,Smartwatch,8,791.1
2022-03-03,2705,Smartphone,3,39.43
2022-07-05,9424,Smartphone,2,1512.11
2024-04-16,6856,Keyboard,3,1056.12
2024-01-30,2753,Monitor,10,1867.76
2024-02-16,1571,Keyboard,3,603.13
2023-02-16,5988,Mouse,3,127.73
2022-05-27,2637,Keyboard,6,857.15
2023-05-31,8162,Smartphone,2,1462.04
2022-07-26,9923,Mouse,7,94.21
2022-12-24,1771,Mouse,3,1167.06
2024-04-28,7090,Mouse,5,1484.92
2023-06-12,3607,Printer,10,15.75
2024-03-02,3634,Monitor,3,620.87
2024-05-10,3364,Smartwatch,6,1751.23
2024-01-14,5060,Headphones,5,233.78
2023-01-24,6264,Headphones,6,439.86
2022-09-26,9263,Smartphone,1,1180.51
2025-01-20,5840,Tablet,9,1092.47
2023-12-20,3847,Headphones,4,1499.55
2024-06-04,3067,Mouse,4,948.73
2024-10-23,9131,Laptop,10,1769.18
2024-07-23,9472,Smartwatch,7,1929.3
2024-05-13,1055,Headphones,2,946.03
2024-07-22,4985,Headphones,8,1290.73
2024-12-25,6432,Camera,6,972.73
2022-12-20,8234,Camera,5,754.53
2025-02-18,8662,Headphones,1,903.74
2025-01-02,4876,Monitor,6,633.52
2024-05-22,6293,Tablet,2,647.75
2023-07-17,8133,Mouse,3,868.08
2022-06-22,5702,Smartwatch,7,334.8
2023-01-25,7393,Mouse,8,170.67
2023-10-15,6374,Printer,3,923.79
2022-12-19,9930,Smartwatch,8,214.24
2023-09-25,8569,Camera,2,1312.51
2024-01-14,3680,Printer,3,1232.44
2024-11-24,3199,Tablet,1,1097.9
2023-10-14,9241,Camera,3,992.3
2023-02-02,4393,Keyboard,5,1147.16
2022-11-23,1749,Printer,7,537.07
2022-03-23,6299,Keyboard,5,1568.56
2022-08-03,8364,Smartwatch,3,338.38
2022-04-24,3338,Laptop,3,1449.34
2023-07-08,4839,Camera,10,975.29
2024-05-29,9659,Camera,5,1306.25
2022-07-17,4009,Mouse,6,839.26
2023-05-04,4218,Mouse,10,1727.67
2022-12-24,8954,Tablet,6,1612.56
2024-10-08,8146,Laptop,8,850.52
2022-09-11,4454,Camera,9,1231.52
2024-07-15,6575,Smartwatch,6,1825.29
2023-02-05,6331,Tablet,10,1414.06
2024-05-17,1244,Smartwatch,3,1397.25
2022-08-05,8240,Tablet,1,1644.26
2022-01-15,4725,Smartwatch,1,797.98
2023-07-31,3772,Mouse,4,1519.13
2023-06-06,7415,Headphones,8,1857.26
2022-11-26,5719,Laptop,6,293.93
2024-03-23,4398,Monitor,1,986.58
2024-03-05,6158,Laptop,3,1643.09
2025-01-12,4537,Keyboard,5,1194.69
2023-08-13,3986,Smartphone,8,187.08
2022-03-15,6926,Camera,2,1798.01
2023-12-31,6854,Keyboard,8,1883.92
2023-12-17,8667,Camera,8,1846.43
2024-07-29,5668,Camera,7,39.85
2022-04-05,6700,Printer,7,1635.03
2023-08-07,8758,Headphones,2,1351.1
2024-03-04,3458,Monitor,10,347.01
2023-02-02,9500,Camera,6,49.36
2023-12-01,4330,Monitor,7,472.93
2023-02-07,7005,Monitor,5,1749.59
2023-10-13,9743,Mouse,10,1064.44
2022-09-10,8344,Monitor,1,1946.53
2024-08-07,1144,Mouse,3,1992.14
2022-01-04,7877,Mouse,10,354.36
2024-07-07,9362,Printer,8,1064.09
2024-10-11,4205,Monitor,9,1350.24
2022-10-30,4335,Keyboard,8,1630.08
2024-12-25,8639,Smartwatch,9,333.23
2022-06-28,2323,Laptop,5,1811.26
2024-09-10,2148,Monitor,8,108.11
2023-09-10,4420,Laptop,4,1857.07
2022-01-06,6569,Tablet,7,1996.66
2024-07-15,5651,Keyboard,2,356.82
2023-05-15,8012,Mouse,4,1490.31
2024-04-13,8746,Smartwatch,3,1170.59
2024-04-21,7166,Smartphone,1,46.51
2022-08-18,9487,Monitor,9,670.09
2022-02-24,6143,Monitor,3,1245.41
2023-04-25,6139,Keyboard,3,1815.69
2022-09-03,8912,Mouse,7,526.18
2022-10-13,6403,Printer,1,1441.3
2024-01-03,9743,Headphones,10,1541.32
2023-06-17,2094,Mouse,5,306.99
2023-11-17,5499,Printer,4,1838.72
2022-02-18,2740,Smartphone,5,1558.09
2022-05-06,4621,Smartwatch,1,1942.95
2023-07-22,9625,Tablet,1,1602.33
2023-02-26,6948,Smartwatch,3,259.59
2024-11-30,5746,Printer,3,1452.87
2022-08-28,1429,Smartwatch,9,55.44
2023-01-31,8409,Tablet,9,1766.16
2024-09-04,9150,Tablet,6,980.63
2022-11-24,2977,Monitor,5,935.46
2024-12-14,8971,Camera,3,905.9
2023-08-10,1510,Monitor,3,292.64
2023-09-11,9226,Tablet,8,1195.02
2022-08-21,9326,Monitor,4,1477.36
2023-05-11,7358,Tablet,1,1853.21
2024-10-28,2969,Smartwatch,3,1185.86
2022-08-12,8762,Smartphone,3,336.07
2024-01-31,1782,Monitor,1,1190.39
2024-04-25,1150,Camera,1,1046.93
2024-01-26,4751,Tablet,6,1229.37
2023-02-04,3466,Laptop,1,628.66
2022-05-20,9331,Smartwatch,5,378.22
2022-09-11,8452,Mouse,10,1482.0
2022-02-10,3979,Headphones,1,1793.97
2022-02-01,8698,Headphones,2,1932.4
2025-03-28,5794,Monitor,7,191.65
2023-11-09,3179,Keyboard,6,716.65
2023-02-25,1071,Smartwatch,7,1144.6
2023-07-01,9267,Mouse,6,1955.95
2023-05-14,8482,Headphones,9,359.75
2022-03-31,2593,Camera,8,1977.68
2022-07-09,7414,Smartwatch,6,1001.93
2023-02-16,5859,Laptop,6,733.75
2025-01-13,2335,Smartphone,7,174.99
2024-07-28,7884,Headphones,10,1465.88
2023-12-08,8457,Keyboard,10,406.34
2022-02-03,8404,Camera,4,1588.98
2022-06-06,5552,Tablet,3,73.52
2022-03-13,6248,Printer,3,263.81
2023-03-29,5679,Mouse,9,559.69
2022-11-23,7117,Tablet,6,1126.02
2024-03-30,3574,Printer,6,1929.29
2022-06-06,3863,Printer,2,1622.12
2023-12-17,4817,Camera,10,746.48
2022-02-15,6340,Camera,1,1129.26
2023-06-18,6536,Keyboard,6,1048.09
2023-11-21,8185,Laptop,6,554.75
2022-04-05,4042,Printer,9,1738.57
2024-05-03,1049,Camera,2,1524.04
2024-01-24,9692,Keyboard,5,1724.8
2024-10-31,3211,Printer,10,1294.19
2024-07-22,7852,Mouse,3,1508.09
2024-10-15,3331,Mouse,6,741.4
2022-06-23,5623,Smartwatch,1,1614.95
2024-01-06,1757,Mouse,4,135.11
2024-05-27,7152,Monitor,9,180.07
2023-05-02,6432,Smartphone,10,1990.87
2023-06-09,3231,Smartphone,6,749.58
2022-06-30,5624,Monitor,10,810.39
2022-10-28,2145,Smartphone,9,1885.3
2024-01-19,4934,Camera,6,20.02
2023-07-31,5688,Laptop,10,557.87
2023-09-10,2009,Headphones,7,1646.47
2022-08-03,8068,Laptop,2,541.31
2024-06-10,6897,Mouse,5,297.88
2022-03-03,8731,Laptop,7,1577.55
2022-03-20,9419,Headphones,1,1345.86
2024-02-21,1975,Laptop,2,172.67
2022-11-30,4220,Tablet,6,94.24
2023-03-09,3584,Smartphone,6,792.32
2025-01-29,3321,Laptop,4,1535.23
2022-02-07,2943,Smartwatch,1,1129.94
2023-06-11,3796,Laptop,7,668.95
2022-01-25,9739,Smartphone,4,1296.5
2022-09-11,1918,Camera,4,855.57
2024-06-02,7001,Keyboard,6,415.32
2023-12-06,1633,Smartwatch,3,1458.26
2023-01-30,5611,Tablet,10,710.72
2022-01-20,5545,Laptop,3,863.43
2025-01-21,9026,Smartphone,5,290.09
2024-06-10,6889,Smartphone,3,1207.68
2023-04-18,5606,Camera,5,1555.93
2022-11-15,3878,Camera,3,1518.42
2024-08-01,9191,Laptop,2,664.57
2024-03-26,9488,Laptop,10,1484.31
2022-03-20,8428,Keyboard,5,358.42
2023-04-15,9561,Keyboard,1,939.73
2023-09-03,6754,Camera,5,602.3
2024-05-12,2862,Smartphone,2,46.27
2024-03-23,4613,Headphones,6,1245.07
2023-02-01,4395,Tablet,1,1314.8
2024-04-28,6085,Headphones,3,1504.8
2024-01-28,6101,Smartwatch,4,394.41
2023-11-14,6344,Smartphone,10,718.1
2022-08-05,1556,Printer,10,1052.47
2022-03-15,1413,Laptop,10,590.8
2025-03-28,1203,Camera,6,223.16
2022-11-04,8188,Printer,3,1928.32
2024-03-11,3548,Keyboard,8,207.21
2022-01-24,1071,Keyboard,1,121.29
2022-01-31,5973,Headphones,5,1727.58
2022-01-10,4670,Headphones,5,902.17
2022-11-07,3231,Mouse,6,1002.52
2024-11-07,1750,Tablet,8,522.24
2022-10-24,9413,Keyboard,4,778.94
2025-03-18,6094,Smartwatch,5,253.97
2024-12-31,2561,Tablet,10,429.56
2024-02-16,3042,Monitor,3,772.6
2024-11-18,1038,Smartphone,2,1219.0
2022-01-04,7315,Smartwatch,4,674.21
2023-04-14,2265,Monitor,10,1747.14
2022-05-30,1921,Printer,7,255.53
2023-05-07,8309,Camera,2,856.99
2022-10-14,1918,Tablet,5,67.09
2023-08-07,7575,Headphones,4,603.57
2024-02-13,5061,Monitor,10,372.16
2023-04-18,6045,Mouse,1,1405.6
2022-05-27,3880,Camera,8,1682.66
2024-07-14,5217,Printer,3,358.25
2023-12-17,2686,Keyboard,4,1268.0
2023-02-23,3733,Headphones,6,1728.63
2022-03-03,7352,Camera,7,378.97
2022-03-07,5122,Monitor,3,899.99
2022-05-17,1320,Smartwatch,1,766.8
2024-07-10,9904,Monitor,2,968.29
2024-04-27,6096,Laptop,6,125.22
2023-11-28,9346,Tablet,9,1885.37
2024-06-03,1914,Keyboard,2,610.94
2024-09-24,8835,Mouse,9,1383.06
2022-12-25,2334,Tablet,5,698.61
2022-06-27,8945,Printer,9,453.15
2022-11-20,1214,Smartwatch,8,223.01
2024-05-24,1545,Headphones,5,593.47
2022-08-14,2999,Keyboard,9,1174.26
2024-02-09,5275,Keyboard,8,1215.96
2024-04-03,2604,Monitor,1,1501.58
2022-05-29,1763,Printer,10,1747.13
2023-11-16,8103,Mouse,3,1762.76
2023-06-18,5794,Headphones,8,1778.56
2023-10-28,6580,Mouse,2,287.77
2023-09-27,2340,Smartphone,2,1582.73
2022-01-31,8370,Mouse,8,28.47
2022-04-10,6824,Smartwatch,5,1041.25
2022-07-22,4159,Printer,4,947.54
2022-04-14,8721,Headphones,8,695.43
2024-12-18,5176,Headphones,6,139.25
2022-05-25,7020,Tablet,9,1059.42
2022-12-22,8294,Mouse,8,105.29
2024-02-09,9117,Printer,3,465.43
2024-01-10,5629,Laptop,6,47.99
2024-11-16,4736,Printer,5,1983.61
2024-02-25,5808,Camera,8,466.13
2023-07-13,4136,Smartphone,7,635.13
2023-04-28,2385,Camera,9,746.91
2022-12-24,8972,Tablet,9,169.04
2022-02-27,6457,Laptop,4,1024.88
2022-10-26,4457,Smartwatch,10,1331.5
2023-09-11,1938,Keyboard,6,454.91
2022-03-14,1879,Headphones,4,735.33
2024-07-06,8912,Laptop,4,1718.51
2022-02-25,4746,Camera,7,69.48
2022-09-07,4692,Headphones,1,391.73
2024-02-01,3370,Headphones,8,1382.61
2024-07-18,6762,Tablet,10,741.1
2024-01-28,2977,Monitor,1,1241.62
2024-08-10,2200,Tablet,1,422.87
2025-01-06,7446,Smartwatch,8,1983.04
2024-09-06,9638,Smartwatch,7,1823.3
2025-02-15,5311,Laptop,5,1534.49
2023-11-15,3964,Printer,6,1272.52
2022-12-13,9770,Monitor,1,242.05
2023-10-28,9345,Camera,2,12.42
2022-03-10,7978,Printer,1,1708.46
2022-07-18,1201,Mouse,10,175.47
2024-01-27,6123,Printer,4,1708.79
2023-04-01,9652,Camera,2,1781.44
2023-08-23,3021,Keyboard,10,1352.22
2025-01-25,1497,Headphones,6,1230.5
2022-08-09,8946,Mouse,4,1589.56
2022-10-07,4337,Printer,8,1474.78
2024-10-17,6541,Laptop,3,694.2
2022-10-21,5764,Headphones,3,1874.98
2022-02-04,2366,Printer,5,755.31
2022-11-17,9645,Camera,8,1626.98
2024-06-27,5949,Laptop,1,1023.17
2022-03-09,8446,Printer,7,1604.24
2022-08-12,4525,Camera,5,733.1
2024-03-19,5262,Tablet,1,923.7
2023-08-22,5404,Smartphone,3,1615.31
2022-03-09,5487,Keyboard,5,608.31
2023-11-03,3492,Monitor,9,53.15
2022-11-23,4719,Monitor,1,297.11
2023-01-24,1697,Printer,6,1710.51
2024-04-19,7561,Tablet,9,1649.93
2024-12-31,6016,Mouse,1,1929.15
2024-05-01,6326,Camera,9,1860.7
2022-07-29,2729,Mouse,10,819.37
2022-05-01,8277,Smartwatch,7,756.08
2023-09-10,9479,Smartwatch,9,327.69
2022-08-20,3538,Printer,3,721.71
2023-10-07,6691,Headphones,2,1140.57
2022-08-19,9230,Printer,6,901.2
2022-09-07,7697,Laptop,4,508.57
2022-08-05,5331,Smartphone,3,1928.5
2024-09-01,4810,Mouse,6,470.76
2023-06-30,1424,Camera,7,927.31
2022-04-12,2757,Headphones,3,1114.13
2022-06-13,9510,Camera,4,457.09
2022-05-28,6954,Camera,2,1198.52
2022-12-10,8694,Smartwatch,6,1741.3
2022-07-21,7474,Tablet,2,114.47
2024-10-23,5683,Mouse,9,788.33
2023-07-20,9150,Laptop,8,1595.08
2023-09-18,6807,Laptop,8,28.17
2023-04-29,8124,Camera,9,1651.33
2023-10-08,6613,Keyboard,7,1050.72
2024-06-16,8238,Laptop,1,882.08
2022-02-16,5667,Keyboard,6,970.83
2022-08-07,9573,Smartwatch,9,743.44
2022-05-17,7207,Smartphone,8,1911.73
2024-11-20,4651,Printer,10,1927.21
2023-11-19,1771,Mouse,2,800.1
2024-12-15,9202,Monitor,10,1507.38
2022-08-17,9439,Printer,2,1797.27
2024-01-18,7696,Smartphone,6,1035.6
2024-09-20,6208,Printer,4,1934.46
2023-10-27,2305,Smartphone,6,327.53
2022-04-25,1377,Monitor,8,1155.48
2024-06-27,8355,Printer,4,338.73
2022-01-08,1597,Tablet,7,1789.75
2023-10-04,4768,Keyboard,2,1384.63
2022-12-28,9497,Monitor,7,1268.22
2022-11-30,8800,Smartwatch,6,1799.64
2024-01-21,4879,Smartphone,7,1654.28
2022-07-28,4454,Printer,5,1520.86
2022-09-01,1465,Laptop,7,1758.06
2024-10-22,7034,Smartwatch,2,24.42
2022-09-09,8678,Smartphone,7,696.61
2022-02-01,7574,Printer,1,1376.21
2024-11-03,1618,Headphones,7,60.92
2023-08-06,5395,Tablet,3,230.95
2022-02-23,5850,Laptop,5,1600.49
2024-12-19,5657,Smartphone,4,1295.73
2022-12-31,9837,Keyboard,4,454.82
2022-06-17,3946,Smartwatch,9,1873.67
2022-07-23,7481,Smartwatch,8,1116.96
2022-02-02,4642,Smartphone,7,1011.95
2023-10-22,2041,Smartwatch,3,1265.2
2024-08-12,3682,Smartphone,10,1805.72
2023-12-28,1684,Smartphone,2,404.41
2022-11-24,6414,Monitor,1,1814.23
2025-03-10,1028,Headphones,4,1886.55
2022-05-14,2916,Smartphone,10,1424.03
2023-06-03,8136,Smartwatch,6,553.24
2023-12-13,5273,Tablet,10,1474.61
2023-01-27,9466,Printer,5,267.04
2023-03-31,3363,Camera,6,1385.82
2022-05-06,1338,Smartphone,5,1254.46
2023-09-18,8646,Camera,8,85.53
2023-05-09,3181,Smartphone,10,114.54
2023-07-28,4716,Monitor,7,600.79
2025-01-06,1924,Smartwatch,1,873.18
2024-11-07,4976,Tablet,8,1852.13
2024-02-08,5547,Keyboard,6,1894.04
2022-03-24,7824,Keyboard,4,472.61
2022-01-20,5173,Tablet,9,1912.4
2024-12-24,7784,Headphones,6,1913.02
2025-03-16,2184,Headphones,4,221.26
2024-01-13,4819,Printer,4,661.71
2024-07-02,1858,Mouse,8,65.91
2022-10-27,5126,Smartphone,8,116.67
2022-04-19,7802,Keyboard,1,1550.94
2025-02-10,4589,Headphones,2,1364.02
2025-02-08,2336,Headphones,6,276.09
2023-08-12,6830,Smartphone,4,1309.2
2024-08-26,6638,Mouse,2,968.94
2025-02-07,9265,Keyboard,9,314.94
2022-12-09,1406,Camera,9,897.67
2022-08-11,4085,Monitor,2,950.0
2023-03-15,6686,Monitor,7,1054.44
2024-08-05,7549,Laptop,7,539.98
2023-09-21,3588,Tablet,2,1502.48
2024-02-24,6561,Headphones,1,1119.56
2022-01-01,6727,Laptop,8,284.96
2023-12-22,2122,Monitor,6,445.64
2022-06-18,8712,Printer,2,814.45
2022-10-05,5832,Smartwatch,9,653.76
2023-11-08,2341,Mouse,6,1810.36
2022-11-18,9317,Mouse,2,836.45
2023-07-25,5133,Monitor,1,16.11
2022-02-17,9345,Smartphone,3,113.97
2024-02-18,6932,Keyboard,5,1516.83
2024-08-19,6662,Camera,9,489.53
2022-12-15,3786,Tablet,2,1481.67
2023-02-01,6666,Tablet,5,124.55
2025-03-21,2531,Printer,8,339.34
2024-12-21,8016,Camera,8,662.8
2022-10-02,1364,Smartphone,8,1487.59
2023-01-06,1256,Keyboard,2,1346.8
2023-04-01,3341,Headphones,8,848.09
2022-09-22,2063,Tablet,4,1845.65
2023-05-01,3664,Tablet,1,57.05
2024-02-01,1921,Printer,5,757.11
2023-06-22,3669,Keyboard,10,737.8
2023-01-20,7329,Headphones,4,1962.91
2023-03-21,4221,Mouse,2,1606.94
2025-02-08,3879,Laptop,10,287.56
2022-01-16,1588,Headphones,8,264.77
2024-03-11,7546,Smartwatch,3,1370.43
2024-07-09,4578,Mouse,6,317.24
2025-01-04,8716,Smartphone,3,1560.48
2024-02-08,1542,Printer,9,542.77
2023-10-07,2854,Mouse,10,414.44
2023-12-25,2755,Printer,5,1453.2
2023-10-20,1539,Tablet,9,1368.53
2024-03-21,4815,Keyboard,9,1824.54
2022-04-06,1795,Keyboard,8,48.54
2025-03-31,8692,Tablet,8,1970.19
2023-02-03,4688,Tablet,4,444.53
2023-09-11,9206,Laptop,3,1369.28
2025-03-14,1696,Monitor,6,1245.46
2022-10-28,7345,Laptop,4,1694.98
2022-01-06,9350,Monitor,10,708.02
2023-02-14,4911,Camera,5,839.17
2024-01-05,2000,Printer,10,1787.79
2024-03-25,3873,Tablet,10,1001.11
2023-06-05,8636,Keyboard,7,698.05
2024-03-16,1766,Monitor,8,1133.99
2024-09-29,7735,Printer,8,762.52
2022-10-14,1186,Printer,10,1959.44
2022-05-19,5950,Smartphone,9,329.62
2022-12-17,3348,Monitor,10,521.11
2024-07-10,2922,Monitor,8,700.63
2022-02-14,6872,Printer,4,560.87
2022-06-02,2113,Tablet,10,739.83
2022-05-06,7275,Headphones,8,511.68
2023-05-28,4952,Tablet,3,1215.34
2023-09-01,2675,Mouse,5,676.27
2023-06-13,4416,Monitor,2,435.66
2023-07-27,5368,Monitor,2,1822.12
2023-08-18,6265,Monitor,8,715.26
2022-02-26,1078,Keyboard,7,326.18
2025-03-22,9006,Smartphone,8,1558.99
2022-12-10,3267,Smartphone,7,1127.53
2022-11-09,2591,Headphones,1,93.78
2022-08-19,7988,Mouse,6,1338.03
2022-02-13,4974,Tablet,8,301.27
2022-05-19,6175,Headphones,6,1321.0
2025-03-20,1837,Printer,6,394.65
2025-03-04,4160,Mouse,8,938.83
2023-01-10,1919,Smartphone,10,1088.07
2023-12-29,3811,Monitor,7,366.89
2023-01-15,6262,Camera,2,1718.94
2023-01-04,8500,Tablet,6,933.19
2025-01-09,5975,Smartwatch,2,707.62
2023-04-13,3587,Mouse,2,1962.34
2023-08-11,8676,Smartwatch,7,21.3
2024-11-25,4615,Laptop,10,539.33
2022-07-21,8435,Camera,1,855.49
2022-01-20,3882,Laptop,3,217.68
2022-05-19,6286,Headphones,10,1653.21
2024-09-02,5645,Monitor,7,1179.96
2024-09-04,1485,Headphones,10,634.85
2023-09-05,5342,Tablet,1,1082.41
2023-08-31,2982,Monitor,1,1387.76
2022-06-05,1083,Monitor,10,744.29
2025-01-01,8411,Keyboard,10,139.69
2022-12-31,3266,Tablet,4,988.4
2023-06-28,3302,Printer,6,810.32
2023-12-07,9692,Monitor,4,1116.9
2022-08-05,2105,Tablet,9,1875.29
2023-10-27,4672,Smartphone,5,621.46
2022-11-23,6649,Headphones,9,266.13
2022-05-06,2694,Keyboard,1,1605.29
2024-10-15,2155,Keyboard,9,940.35
2022-03-20,8420,Mouse,1,1468.47
2024-05-19,9511,Smartwatch,9,1088.45
2022-09-26,3041,Camera,9,1531.36
2023-10-09,6092,Headphones,9,172.77
2024-12-29,5788,Smartphone,10,774.3
2023-10-08,7931,Mouse,9,696.35
2022-03-14,3592,Smartwatch,2,1370.91
2023-06-25,2702,Keyboard,5,157.56
2024-05-19,7892,Smartwatch,8,64.2
2023-06-01,1486,Tablet,4,334.11
2024-02-19,1613,Laptop,9,725.32
2022-01-30,1114,Laptop,5,929.25
2023-11-18,4562,Laptop,4,679.45
2023-02-11,6635,Keyboard,5,1000.86
2023-01-21,9448,Headphones,8,1413.42
2023-08-27,4958,Smartwatch,6,1036.08
2024-11-27,2982,Monitor,5,1977.77
2024-06-09,2085,Printer,2,89.2
2022-03-15,6224,Laptop,9,1070.44
2022-09-25,5047,Keyboard,3,812.51
2024-02-03,6576,Mouse,1,602.4
2025-01-20,4553,Keyboard,9,771.49
2022-08-03,8285,Tablet,2,1000.89
2022-10-01,4356,Keyboard,7,1696.75
2024-01-05,2586,Headphones,2,1973.62
2023-11-09,2155,Smartwatch,4,648.81
2022-08-22,7675,Camera,5,565.53
2022-04-03,5816,Keyboard,4,1071.84
2024-08-12,7530,Keyboard,9,1726.95
2023-01-04,6883,Laptop,10,235.75
2022-10-30,8325,Camera,1,1293.55
2024-10-03,9580,Headphones,9,248.9
2022-10-26,6791,Printer,6,1531.52
2023-12-28,7414,Keyboard,5,1629.08
2023-12-27,8483,Printer,4,1231.37
2024-04-01,5665,Smartwatch,6,1296.94
2024-12-05,3026,Camera,8,834.39
2024-07-22,8154,Headphones,8,898.61
2024-05-16,2119,Smartphone,4,800.4
2024-04-17,5763,Printer,2,517.12
2024-07-24,9446,Headphones,4,328.15
2022-12-26,5765,Printer,3,1262.47
2022-03-01,4739,Smartwatch,2,1377.28
2023-05-25,6625,Printer,1,916.25
2025-02-18,6917,Monitor,2,1762.65
2023-07-16,7527,Keyboard,4,210.78
2025-01-03,4017,Laptop,9,1229.03
2024-08-02,5476,Laptop,1,959.44
2022-01-09,5091,Printer,5,940.17
2022-10-08,8137,Headphones,10,339.66
2022-08-20,3892,Headphones,8,648.83
2022-12-02,8738,Printer,5,791.99
2023-01-18,7959,Printer,2,587.86
2023-03-30,3342,Smartwatch,10,518.52
2024-11-17,9280,Monitor,9,649.18
2023-07-23,3373,Laptop,2,975.33
2023-04-24,1442,Tablet,7,1471.62
2024-03-19,5728,Printer,1,1125.06
2024-11-13,8138,Camera,2,847.08
2022-07-15,3720,Keyboard,6,1388.07
2022-12-01,9092,Printer,8,1679.0
2023-02-19,6574,Keyboard,2,1477.94
2025-03-17,4970,Smartwatch,10,1427.1
2023-06-07,4581,Printer,9,534.09
2023-09-23,2615,Camera,6,1258.16
2023-09-05,1812,Monitor,4,1791.26
2022-03-04,3086,Smartwatch,1,46.15
2025-01-11,8833,Laptop,8,364.21
2022-02-25,6417,Tablet,2,1140.71
2022-07-13,2349,Monitor,8,543.53
2024-09-11,6237,Printer,7,457.88
2022-08-25,8402,Keyboard,5,1601.83
2022-07-25,7889,Smartphone,2,95.12
2022-05-11,5049,Laptop,10,1076.02
2022-11-30,5943,Smartwatch,9,1307.28
2023-10-31,3694,Headphones,3,1471.74
2022-06-17,1800,Mouse,5,624.98
2024-03-10,4026,Smartwatch,10,1842.32
2025-01-31,3103,Laptop,5,196.41
2022-08-28,2998,Monitor,1,1313.29
2023-12-13,4173,Smartphone,1,367.66
2023-10-15,2397,Monitor,6,740.12
2022-12-17,7180,Smartwatch,5,381.43
2023-01-05,1446,Mouse,3,32.67
2023-02-04,1902,Mouse,6,1945.78
2022-12-20,7207,Laptop,5,507.27
2025-01-17,2562,Mouse,4,178.17
2023-02-11,8579,Printer,2,339.77
2022-05-17,4246,Camera,7,711.71
2024-06-27,5457,Keyboard,4,674.2
2022-03-23,2617,Mouse,7,1788.32
2023-06-14,7818,Camera,10,1926.73
2023-06-22,7282,Printer,9,1198.88
2022-05-27,3607,Monitor,9,1442.76
2022-12-30,6175,Smartphone,7,174.59
2024-05-07,1073,Smartwatch,5,387.21
2024-03-09,6862,Printer,2,610.52
2022-10-03,8899,Smartphone,1,621.32
2023-11-12,4309,Tablet,9,1760.59
2022-12-24,5551,Laptop,10,308.32
2023-09-23,1503,Mouse,3,1616.48
2022-12-15,6157,Printer,8,54.58
2023-11-21,1732,Smartwatch,9,218.85
2023-08-11,8195,Laptop,1,1123.35
2024-07-03,9758,Smartwatch,8,301.8
2023-05-25,4070,Headphones,2,262.78
2022-02-23,9949,Printer,10,40.56
2024-05-12,4927,Headphones,10,473.42
2022-09-12,7841,Monitor,6,511.59
2024-04-12,6975,Camera,6,1877.87
2023-07-18,7174,Printer,8,31.38
2023-09-16,6302,Laptop,4,562.41
2024-01-31,1643,Smartphone,8,1503.69
2023-12-22,4648,Tablet,1,406.5
2022-12-17,4532,Smartphone,4,1770.13
2024-08-30,4714,Laptop,8,983.35
2023-04-27,8712,Camera,2,1614.48
2022-03-26,9664,Keyboard,8,1063.49
2022-03-07,7279,Smartphone,2,705.92
2022-03-06,7885,Headphones,2,1923.1
2023-09-01,9142,Printer,2,1032.4
2022-09-22,3699,Monitor,2,843.97
2024-02-06,8245,Camera,4,1379.31
2022-08-01,5034,Printer,3,399.72
2022-12-14,6441,Mouse,8,856.4
2024-12-29,5596,Mouse,5,208.81
2024-10-28,1355,Mouse,5,1481.16
2024-09-29,5262,Headphones,9,337.53
2023-07-11,2816,Keyboard,2,1632.47
2022-08-30,9098,Tablet,2,1367.94
2022-04-15,5774,Camera,1,102.96
2022-03-31,1150,Smartphone,3,144.8
2024-10-03,5817,Printer,6,525.01
2022-03-21,7674,Tablet,10,930.2
2022-03-30,8505,Tablet,1,1554.33
2025-03-09,5390,Printer,1,1419.48
2022-01-09,5000,Smartphone,7,1263.22
2024-10-01,8028,Camera,5,1745.57
2024-02-06,9864,Camera,5,1062.08
2022-02-19,1829,Smartwatch,8,229.37
2024-04-11,2167,Headphones,6,337.83
2022-02-19,4032,Monitor,4,714.44
2024-08-25,1240,Keyboard,6,510.08
2023-04-09,2669,Smartphone,5,369.7
2022-03-27,3712,Smartphone,2,1151.93
2022-06-17,9523,Smartwatch,1,711.76
2024-04-26,7404,Smartphone,6,649.36
2022-03-29,6265,Smartphone,5,323.1
2022-07-27,4337,Tablet,10,1024.21
2022-04-07,8838,Printer,5,523.44
2022-01-15,3053,Laptop,6,92.24
2022-10-27,1397,Smartwatch,8,409.69
2023-12-28,2751,Camera,10,464.21
2024-12-05,4334,Smartphone,8,1717.71
2023-02-28,4087,Smartwatch,3,971.85
2024-06-26,2141,Smartwatch,1,265.78
2022-04-30,4719,Mouse,3,655.91
2022-05-14,3596,Laptop,6,676.35
2024-03-30,2110,Printer,5,1559.21
2022-01-02,9047,Smartwatch,9,745.95
2023-05-04,2424,Monitor,5,1763.16
2025-01-10,3097,Tablet,6,1506.71
2025-01-09,4454,Keyboard,7,1476.71
2022-07-15,1255,Smartphone,4,249.57
2024-12-27,8684,Printer,6,758.15
2025-01-06,5860,Smartphone,4,1238.91
2022-12-19,9214,Keyboard,6,245.73
2022-12-23,7521,Keyboard,10,1898.98
2022-09-08,9164,Smartphone,8,215.65
2024-01-08,4242,Smartwatch,7,1229.33
2024-10-12,2993,Camera,2,1258.3
2023-01-17,3748,Keyboard,2,720.6
2023-03-20,2251,Headphones,2,1106.18
2022-06-09,5194,Keyboard,1,1122.49
2024-04-09,8381,Smartphone,9,1569.02
2022-10-13,8078,Monitor,6,1674.09
2024-08-17,2112,Printer,2,915.98
2023-05-11,4159,Headphones,9,518.31
2022-07-11,3042,Smartwatch,9,687.01
2024-05-30,2324,Mouse,7,1571.17
2024-09-30,8250,Tablet,2,878.15
2022-05-07,8409,Laptop,2,1252.77
2025-02-07,6062,Camera,2,474.45
2024-06-15,5266,Smartphone,1,1926.78
2024-03-12,2151,Keyboard,2,806.58
2024-04-16,4075,Laptop,6,1072.37
2023-09-26,2925,Printer,8,160.1
2022-04-03,9367,Smartphone,7,632.87
2023-10-12,1960,Smartphone,6,451.07
2024-05-10,9135,Keyboard,8,868.42
2022-02-11,6345,Keyboard,10,1744.98
2022-07-05,5884,Smartwatch,8,281.76
2022-07-30,8744,Headphones,3,1187.33
2022-02-17,1333,Smartwatch,5,992.8
2024-08-12,9422,Laptop,6,1379.65
2023-05-06,7737,Mouse,2,1831.86
2023-05-04,1348,Monitor,9,851.78
2024-11-27,9564,Headphones,2,202.65
2024-09-08,3234,Printer,3,1246.33
2025-03-21,6630,Laptop,3,1575.03
2024-02-26,1730,Printer,7,300.53
2024-12-17,9104,Mouse,6,768.34
2022-11-01,6740,Laptop,6,1435.88
2023-01-26,8983,Headphones,8,1202.84
2022-09-12,9689,Smartwatch,9,639.85
2022-06-19,1104,Smartphone,3,871.5
2024-04-24,8902,Camera,3,698.44
2025-02-15,5276,Camera,8,1070.91
2024-09-02,6264,Smartphone,5,525.89
2022-04-13,9933,Mouse,8,1938.63
2022-11-26,6623,Tablet,4,1674.77
2024-08-04,3315,Monitor,6,176.05
2025-03-26,3498,Camera,8,1304.09
2023-01-31,2254,Smartwatch,10,711.41
2024-10-06,6289,Printer,7,692.26
2024-10-15,4558,Mouse,6,374.56
2022-10-03,1464,Laptop,9,1224.58
2022-07-26,7121,Camera,5,395.53
2024-12-17,7929,Monitor,4,1138.86
2022-10-31,1403,Keyboard,4,1294.33
2024-01-30,1985,Laptop,4,1059.11
2024-11-09,5113,Keyboard,6,318.42
2024-06-01,6628,Tablet,3,589.69
2023-05-14,3393,Smartwatch,1,1796.94
2022-05-09,2046,Smartphone,10,73.46
2025-03-03,3122,Mouse,5,125.61
2022-06-25,1228,Laptop,6,598.79
2024-11-22,4820,Tablet,6,664.7
2024-06-25,9321,Smartphone,5,667.04
2024-04-18,8097,Mouse,3,99.48
2023-11-20,4766,Camera,9,302.36
2022-09-30,4136,Printer,10,546.58
2025-03-14,7310,Keyboard,3,239.07
2022-07-25,4141,Tablet,6,1388.59
2024-06-02,3535,Laptop,2,701.58
2024-07-04,9236,Camera,1,838.32
2024-09-26,7487,Mouse,2,1434.27
2024-02-19,4162,Keyboard,1,1530.76
2022-11-25,6509,Camera,9,555.14
2023-05-19,6753,Camera,5,1188.43
2023-10-13,9886,Smartphone,5,1560.06
2024-06-25,9812,Smartwatch,9,713.86
2024-02-18,6619,Mouse,4,974.93
2023-03-09,4251,Printer,3,1928.0
2022-07-26,4875,Printer,9,984.82
2024-03-02,2891,Laptop,7,657.94
2024-03-12,5908,Mouse,9,1011.46
2025-03-03,1862,Monitor,3,1671.01
2022-05-08,7104,Camera,8,728.91
2024-01-10,5058,Headphones,2,632.48
2024-07-07,2700,Monitor,6,1933.39
2023-01-08,5000,Headphones,1,1361.51
2023-02-15,9503,Tablet,10,1560.16
2024-04-02,6556,Headphones,10,1210.53
2022-10-07,2537,Printer,8,402.49
2024-10-14,9595,Smartphone,9,309.72
2025-02-11,9648,Tablet,9,1782.65
2024-12-10,6650,Monitor,2,1717.27
2023-08-03,2326,Camera,1,157.29
2024-02-13,5235,Printer,3,1995.74
2023-12-19,8326,Printer,8,108.59
2025-02-03,1219,Smartphone,3,1567.65
2024-01-27,8472,Camera,5,159.8
2022-07-31,3251,Camera,6,1572.11
2023-04-15,9461,Laptop,4,368.06
2022-05-30,9872,Mouse,7,477.35
2025-01-31,5237,Printer,3,1330.59
2024-04-03,7173,Monitor,6,1998.07
2025-01-04,1775,Printer,3,1753.31
2024-12-11,4349,Mouse,7,1454.71
2022-09-20,7685,Keyboard,3,1481.3
2024-02-09,4017,Headphones,7,1115.22
2023-04-17,8235,Monitor,5,1597.65
2025-03-11,2998,Camera,1,497.53
2024-02-29,9767,Tablet,2,648.29
